date,close,high,low,open,volume
2010-02-09,6.259,6.374,5.830,6.113,155270.540
2010-02-10,5.830,6.018,5.691,5.858,86399.470
2010-02-11,5.722,5.858,5.617,5.719,44712.520
2010-02-12,5.848,5.907,5.701,5.781,44376.640
2010-02-22,5.868,6.032,5.792,5.848,42061.980
2010-02-23,5.841,5.848,5.691,5.823,27768.920
2010-02-24,6.011,6.085,5.781,5.788,52024.910
2010-02-25,6.374,6.378,5.970,6.022,69407.410
2010-02-26,6.207,6.416,6.154,6.339,64232.300
2010-03-01,6.339,6.409,6.193,6.214,38533.860
2010-03-02,6.255,6.444,6.200,6.444,31121.170
2010-03-03,6.276,6.308,6.165,6.207,18900.890
2010-03-04,5.990,6.339,5.987,6.273,26203.880
2010-03-05,6.119,6.130,5.963,6.001,23682.960
2010-03-08,6.137,6.165,6.067,6.102,13037.820
2010-03-09,6.092,6.119,6.011,6.102,13795.090
2010-03-10,6.071,6.126,6.015,6.119,12001.160
2010-03-11,6.085,6.119,5.928,6.039,15405.530
2010-03-12,6.071,6.207,6.043,6.046,24825.980
2010-03-15,6.018,6.067,5.928,6.050,12557.510
2010-03-16,6.025,6.039,5.945,5.997,9524.350
2010-03-17,6.140,6.154,6.004,6.018,17397.400
2010-03-18,6.301,6.336,6.092,6.154,45144.310
2010-03-19,6.276,6.339,6.214,6.266,28773.770
2010-03-22,6.242,6.409,6.179,6.249,18197.160
2010-03-23,6.409,6.440,6.273,6.290,41407.990
2010-03-24,7.050,7.050,6.493,6.493,87990.790
2010-03-25,7.755,7.755,7.392,7.392,76978.620
2010-03-26,7.926,8.020,7.497,7.769,66220.150
2010-03-29,8.717,8.717,7.985,8.159,73494.420
2010-03-30,9.415,9.589,8.644,8.742,80410.990
2010-03-31,9.547,9.763,9.247,9.432,65801.270
2010-04-01,10.227,10.258,9.352,9.547,67579.310
2010-04-02,10.635,10.809,9.948,10.182,75722.470
2010-04-06,9.861,10.461,9.571,10.461,74143.360
2010-04-07,9.791,9.969,9.558,9.624,72117.800
2010-04-08,9.711,9.749,9.436,9.571,63852.580
2010-04-09,9.554,9.659,9.488,9.571,39003.560
2010-04-12,9.383,9.798,9.303,9.589,53527.650
2010-04-13,9.132,9.484,8.804,9.310,51555.770
2010-04-14,9.181,9.310,9.000,9.052,20367.160
2010-04-15,8.986,9.240,8.822,9.132,24586.320
2010-04-16,9.136,9.205,8.892,8.916,24597.980
2010-04-19,8.529,9.265,8.498,8.996,26350.090
2010-04-20,8.543,8.595,8.306,8.424,20795.210
2010-04-21,8.860,8.926,8.564,8.592,28919.850
2010-04-22,8.776,9.052,8.613,8.780,26598.970
2010-04-23,8.449,8.804,8.320,8.717,23518.780
2010-04-26,8.546,8.770,8.424,8.477,15985.020
2010-04-27,7.978,8.616,7.769,8.491,26322.980
2010-04-28,7.891,8.016,7.675,7.880,17945.690
2010-04-29,7.654,8.013,7.615,7.908,17384.800
2010-04-30,7.832,7.950,7.497,7.636,22279.260
2010-05-04,7.828,8.023,7.647,7.741,13973.110
2010-05-05,8.097,8.215,7.640,7.741,25735.050
2010-05-06,7.396,8.076,7.396,8.055,23812.330
2010-05-07,7.343,7.445,7.096,7.148,21220.150
2010-05-10,7.016,7.319,6.806,7.319,48799.520
2010-05-11,6.932,7.193,6.799,7.099,25985.170
2010-05-12,7.040,7.148,6.855,6.932,28885.010
2010-05-13,7.235,7.246,6.681,7.071,39209.580
2010-05-14,7.152,7.305,6.974,7.120,35213.560
2010-05-17,6.956,7.479,6.869,7.019,51450.850
2010-05-18,7.148,7.204,6.590,6.939,37832.890
2010-05-19,7.357,7.445,6.841,7.061,57507.600
2010-05-20,6.622,7.375,6.622,7.218,51791.700
2010-05-21,6.520,6.590,6.116,6.276,49160.530
2010-05-24,6.894,6.974,6.433,6.451,53014.320
2010-05-25,6.646,6.848,6.601,6.765,35471.400
2010-05-26,6.716,6.869,6.663,6.663,24979.820
2010-05-27,7.005,7.037,6.496,6.667,42161.290
2010-05-28,7.127,7.284,6.995,7.061,53510.380
2010-05-31,7.521,7.839,6.908,7.064,79766.580
2010-06-01,7.218,7.563,7.002,7.347,47013.080
2010-06-02,7.392,7.438,7.002,7.148,32146.990
2010-06-03,7.078,7.441,7.061,7.392,35432.080
2010-06-04,6.834,7.033,6.747,7.026,24700.240
2010-06-07,6.953,7.009,6.646,6.730,24083.460
2010-06-08,7.026,7.145,6.869,6.967,23732.370
2010-06-09,7.263,7.309,7.047,7.113,30770.100
2010-06-10,7.284,7.549,7.267,7.315,33096.280
2010-06-11,7.587,7.818,7.186,7.281,55784.720
2010-06-17,7.256,7.737,7.253,7.587,36688.230
2010-06-18,6.663,7.211,6.548,7.166,31652.210
2010-06-21,6.869,6.869,6.479,6.622,18755.350
2010-06-22,6.869,6.960,6.820,6.820,16249.590
2010-06-23,7.176,7.176,6.772,6.869,26810.480
2010-06-24,7.113,7.246,7.047,7.183,19352.890
2010-06-25,6.810,7.071,6.782,7.071,16213.950
2010-06-28,6.733,6.866,6.646,6.862,11300.870
2010-06-29,6.350,6.967,6.269,6.796,22068.140
2010-07-01,6.378,6.590,5.980,6.137,25438.800
2010-07-02,6.262,6.360,6.015,6.238,15883.150
2010-07-05,6.255,6.346,6.032,6.102,10654.970
2010-07-06,6.461,6.482,6.203,6.207,16740.980
2010-07-07,6.479,6.534,6.304,6.500,15122.920
2010-07-08,6.493,6.555,6.311,6.465,17558.950
2010-07-09,6.653,6.702,6.496,6.503,22726.860
2010-07-12,6.758,7.057,6.723,6.730,32287.000
2010-07-13,6.562,6.625,6.350,6.625,18883.830
2010-07-14,6.608,6.684,6.472,6.541,14200.980
2010-07-15,6.325,6.650,6.318,6.580,13448.220
2010-07-16,6.242,6.318,6.106,6.283,12644.810
2010-07-19,6.444,6.482,6.119,6.210,11781.040
2010-07-20,6.712,6.712,6.398,6.444,18999.600
2010-07-21,6.817,6.981,6.625,6.723,33069.660
2010-07-22,6.911,6.977,6.625,6.698,30107.480
2010-07-23,7.071,7.211,6.803,6.935,41342.170
2010-07-26,6.956,7.044,6.866,6.981,24566.620
2010-07-27,6.908,7.096,6.873,6.949,21205.350
2010-07-28,7.064,7.103,6.838,6.904,28045.520
2010-07-29,7.319,7.587,6.981,7.044,42409.240
2010-07-30,7.141,7.281,7.078,7.221,25140.980
2010-08-02,7.277,7.312,7.057,7.057,23281.560
2010-08-03,7.002,7.305,7.002,7.253,25999.520
2010-08-04,7.152,7.180,6.956,6.967,17430.860
2010-08-05,7.120,7.270,7.044,7.155,18890.650
2010-08-06,7.462,7.476,7.124,7.148,46073.220
2010-08-09,8.208,8.208,7.514,7.514,61977.000
2010-08-10,8.421,8.916,8.403,8.403,98773.060
2010-08-11,8.323,8.438,8.037,8.236,45791.990
2010-08-12,7.915,8.240,7.880,8.187,40720.230
2010-08-13,7.950,8.002,7.682,7.887,32804.950
2010-08-16,8.212,8.278,7.863,7.915,36520.070
2010-08-17,8.124,8.323,8.048,8.302,25276.980
2010-08-18,8.177,8.288,7.971,8.121,26594.920
2010-08-19,7.947,8.187,7.884,8.184,23962.620
2010-08-20,8.013,8.327,7.884,7.978,38414.090
2010-08-23,7.818,8.121,7.765,8.006,21964.140
2010-08-24,7.870,7.961,7.706,7.758,17591.270
2010-08-25,7.497,7.880,7.493,7.870,17496.260
2010-08-26,7.549,7.643,7.462,7.479,12393.000
2010-08-27,7.818,7.828,7.500,7.504,15263.000
2010-08-30,7.933,7.947,7.811,7.898,18147.000
2010-08-31,7.891,7.929,7.727,7.880,19342.000
2010-09-01,7.968,8.212,7.797,7.898,34358.000
2010-09-02,8.131,8.191,7.828,8.016,26612.000
2010-09-03,7.992,8.159,7.915,8.131,21275.000
2010-09-06,7.723,8.086,7.682,8.023,17360.000
2010-09-07,7.839,7.842,7.671,7.706,9800.000
2010-09-08,7.769,7.863,7.678,7.807,13791.000
2010-09-09,7.542,7.797,7.500,7.786,17561.000
2010-09-10,7.758,7.758,7.500,7.546,13765.000
2010-09-13,7.891,7.936,7.706,7.797,18297.000
2010-09-14,7.863,7.943,7.790,7.880,16446.000
2010-09-15,7.636,7.915,7.567,7.863,13509.000
2010-09-16,7.288,7.678,7.204,7.601,12667.000
2010-09-17,7.186,7.357,7.141,7.253,5771.000
2010-09-20,7.071,7.350,7.044,7.186,7740.000
2010-09-21,6.744,7.148,6.726,7.078,14190.000
2010-09-27,6.946,6.956,6.688,6.799,9059.000
2010-09-28,6.869,7.033,6.834,6.939,7388.000
2010-09-29,6.855,7.005,6.806,6.810,6553.000
2010-09-30,6.981,6.995,6.855,6.855,5683.000
2010-10-08,7.124,7.204,7.012,7.044,9938.000
2010-10-11,7.159,7.239,7.061,7.085,11871.000
2010-10-12,7.106,7.214,7.082,7.159,11297.000
2010-10-13,7.176,7.218,7.061,7.127,9976.000
2010-10-14,6.775,7.218,6.775,7.176,15866.000
2010-10-15,6.622,6.866,6.576,6.799,14768.000
2010-10-18,6.527,6.660,6.350,6.629,10522.000
2010-10-19,6.803,6.817,6.514,6.527,10440.000
2010-10-20,7.023,7.037,6.636,6.730,14727.000
2010-10-21,6.963,7.002,6.834,6.991,8828.000
2010-10-22,7.068,7.078,6.904,6.932,11326.000
2010-10-25,7.197,7.218,6.974,7.078,13684.000
2010-10-26,7.089,7.246,7.002,7.207,12388.000
2010-10-27,7.438,7.479,7.009,7.092,29829.000
2010-10-28,7.284,7.350,7.200,7.340,13714.000
2010-10-29,7.239,7.291,7.166,7.225,10979.000
2010-11-01,7.845,7.845,7.225,7.277,48801.000
2010-11-02,7.647,7.839,7.608,7.804,41255.000
2010-11-03,7.221,7.601,7.207,7.601,20564.000
2010-11-04,7.333,7.350,7.166,7.218,10034.000
2010-11-05,7.319,7.427,7.260,7.427,12392.000
2010-11-08,7.636,7.741,7.305,7.305,22005.000
2010-11-09,7.525,7.657,7.455,7.643,17468.000
2010-11-10,7.748,7.748,7.483,7.483,25766.000
2010-11-11,7.560,7.940,7.560,7.751,34250.000
2010-11-12,6.820,7.636,6.803,7.546,29754.000
2010-11-15,6.939,6.963,6.667,6.820,12022.000
2010-11-16,7.490,7.525,6.772,6.939,31413.000
2010-11-17,7.671,8.124,7.159,7.260,69785.000
2010-11-18,7.532,7.710,7.368,7.678,26224.000
2010-11-19,7.689,7.772,7.322,7.539,30867.000
2010-11-22,7.723,7.877,7.601,7.703,32016.000
2010-11-23,7.490,7.671,7.281,7.671,19194.000
2010-11-24,7.574,7.601,7.427,7.427,15899.000
2010-11-26,7.340,7.601,7.281,7.601,14711.000
2010-11-29,7.309,7.392,7.082,7.357,12252.000
2010-11-30,6.967,7.298,6.834,7.298,17601.000
2010-12-01,7.057,7.113,6.904,6.904,7661.000
2010-12-02,7.601,7.615,7.113,7.113,28308.000
2010-12-03,7.598,7.765,7.392,7.497,47539.000
2010-12-06,7.148,7.560,7.141,7.560,20814.000
2010-12-07,7.232,7.267,6.981,7.096,9165.000
2010-12-08,7.026,7.207,7.002,7.207,13726.000
2010-12-09,6.866,6.981,6.862,6.974,10028.000
2010-12-10,6.946,6.960,6.730,6.834,6281.000
2010-12-13,7.542,7.549,6.949,6.949,23985.000
2010-12-14,7.490,7.696,7.368,7.462,43214.000
2010-12-15,7.288,7.462,7.218,7.462,21741.000
2010-12-16,7.270,7.424,7.218,7.253,12590.000
2010-12-17,7.371,7.389,7.218,7.270,8609.000
2010-12-20,7.148,7.479,7.037,7.427,12642.000
2010-12-21,7.528,7.671,7.138,7.190,27591.000
2010-12-22,7.445,7.532,7.371,7.497,14522.000
2010-12-23,7.497,7.713,7.399,7.455,31685.000
2010-12-24,7.197,7.451,7.096,7.392,16883.000
2010-12-27,6.911,7.322,6.908,7.218,12524.000
2010-12-28,7.260,7.357,6.827,6.911,21025.000
2010-12-29,7.256,7.350,7.082,7.253,16407.000
2010-12-30,7.096,7.288,6.984,7.253,10836.000
2010-12-31,7.249,7.312,7.044,7.044,10425.000
2011-01-04,7.549,7.598,7.186,7.267,26709.000
2011-01-05,7.553,7.619,7.427,7.427,23797.000
2011-01-06,7.776,7.839,7.322,7.580,42751.000
2011-01-07,7.657,7.842,7.567,7.675,30291.000
2011-01-10,7.542,7.839,7.497,7.668,26001.000
2011-01-11,7.507,7.553,7.322,7.497,14936.000
2011-01-12,7.284,7.594,7.242,7.465,18954.000
2011-01-13,7.204,7.371,7.148,7.267,12303.000
2011-01-14,7.329,7.357,7.044,7.148,15723.000
2011-01-17,7.061,7.312,6.904,7.256,13539.000
2011-01-18,7.235,7.239,6.998,7.012,9335.000
2011-01-19,7.302,7.357,7.082,7.232,13914.000
2011-01-20,6.974,7.309,6.974,7.193,12266.000
2011-01-21,7.071,7.117,6.901,6.904,8083.000
2011-01-24,6.559,7.103,6.555,7.068,16823.000
2011-01-26,6.573,6.608,6.402,6.402,7713.000
2011-01-27,6.639,6.667,6.465,6.569,7147.000
2011-01-28,6.597,6.660,6.520,6.660,6381.000
2011-01-31,6.636,6.681,6.503,6.573,8456.000
2011-02-01,6.555,6.643,6.531,6.622,7707.000
2011-02-09,6.486,6.611,6.416,6.514,8199.000
2011-02-10,6.650,6.650,6.461,6.486,13725.000
2011-02-11,6.772,6.796,6.653,6.663,14630.000
2011-02-14,6.845,6.880,6.747,6.765,14734.000
2011-02-15,6.772,6.869,6.765,6.845,17593.000
2011-02-16,6.873,6.904,6.772,6.799,15634.000
2011-02-17,6.960,7.071,6.765,6.887,19376.000
2011-02-21,6.932,6.949,6.737,6.747,13011.000
2011-02-22,6.709,6.921,6.695,6.921,14497.000
2011-02-23,6.702,6.737,6.632,6.667,8375.000
2011-02-24,6.775,6.852,6.656,6.705,8359.000
2011-02-25,6.792,6.845,6.681,6.744,10193.000
2011-02-28,6.820,6.820,6.681,6.733,12464.000
2011-03-01,6.848,6.866,6.772,6.817,14743.000
2011-03-02,6.796,6.803,6.667,6.799,10814.000
2011-03-03,6.813,6.904,6.775,6.792,16059.000
2011-03-04,6.897,6.901,6.768,6.813,12293.000
2011-03-07,6.939,6.974,6.869,6.918,16839.000
2011-03-08,6.935,6.946,6.869,6.946,11327.000
2011-03-09,6.866,6.935,6.838,6.935,9031.000
2011-03-10,6.869,7.009,6.855,6.862,21289.000
2011-03-11,6.928,7.040,6.866,6.904,26215.000
2011-03-14,6.970,6.991,6.834,6.939,17468.000
2011-03-15,6.688,6.932,6.625,6.932,18580.000
2011-03-16,6.726,6.737,6.643,6.695,14610.000
2011-03-17,6.806,6.810,6.636,6.643,15757.000
2011-03-18,6.915,6.946,6.779,6.779,21217.000
2011-03-21,6.921,6.956,6.866,6.883,15307.000
2011-03-22,6.946,6.974,6.758,6.925,13371.000
2011-03-23,6.995,7.064,6.932,6.932,20768.000
2011-03-24,7.047,7.180,6.939,6.974,21601.000
2011-03-25,7.044,7.159,6.939,7.009,21387.000
2011-03-28,7.068,7.068,6.967,7.064,16686.000
2011-03-29,7.134,7.277,7.061,7.089,51215.000
2011-03-30,6.960,7.197,6.921,7.113,18950.000
2011-03-31,6.691,7.005,6.650,6.963,18286.000
2011-04-01,6.792,6.796,6.597,6.695,10521.000
2011-04-06,6.754,6.779,6.646,6.779,8565.000
2011-04-07,6.726,6.740,6.650,6.733,8162.000
2011-04-08,6.737,6.761,6.695,6.695,7238.000
2011-04-11,6.643,6.730,6.632,6.730,8949.000
2011-04-12,6.656,6.677,6.611,6.643,6525.000
2011-04-13,6.702,6.723,6.636,6.636,6232.000
2011-04-14,6.744,6.761,6.705,6.723,7773.000
2011-04-15,6.663,6.751,6.629,6.740,7325.000
2011-04-18,6.374,6.608,6.332,6.608,20427.000
2011-04-19,6.224,6.381,6.203,6.374,14540.000
2011-04-20,6.308,6.322,6.224,6.224,6118.000
2011-04-21,6.290,6.336,6.245,6.311,6088.000
2011-04-22,6.322,6.346,6.228,6.276,10901.000
2011-04-25,6.036,6.329,5.984,6.329,9237.000
2011-04-26,6.050,6.081,5.990,6.025,3775.000
2011-04-27,5.820,6.081,5.750,6.050,7849.000
2011-04-28,5.586,5.854,5.579,5.816,7991.000
2011-04-29,5.684,5.736,5.596,5.596,4800.000
2011-05-03,5.708,5.743,5.621,5.684,3807.000
2011-05-04,5.544,5.705,5.544,5.684,5067.000
2011-05-05,5.527,5.562,5.384,5.509,7717.000
2011-05-06,5.544,5.572,5.440,5.471,4934.000
2011-05-09,5.610,5.638,5.541,5.548,4652.000
2011-05-10,5.670,5.687,5.603,5.607,3521.000
2011-05-11,5.680,5.698,5.617,5.673,3001.000
2011-05-12,5.725,5.879,5.614,5.666,10353.000
2011-05-13,5.719,5.813,5.684,5.739,4491.000
2011-05-16,5.666,5.778,5.607,5.778,3168.000
2011-05-17,5.701,5.851,5.624,5.631,8149.000
2011-05-18,5.725,5.725,5.569,5.701,12303.000
2011-05-19,6.095,6.137,5.715,5.715,26565.000
2011-05-20,6.032,6.116,5.893,6.064,26571.000
2011-05-23,6.116,6.144,5.806,5.963,36520.000
2011-05-24,5.886,6.043,5.760,6.043,11316.000
2011-05-25,5.502,5.921,5.499,5.827,11730.000
2011-05-26,5.673,5.684,5.502,5.502,12914.000
2011-05-27,5.649,5.684,5.509,5.603,6965.000
2011-05-30,5.736,5.757,5.119,5.126,12750.000
2011-05-31,5.781,5.844,5.583,5.649,13825.000
2011-06-01,5.841,5.841,5.739,5.746,9145.000
2011-06-02,5.607,5.806,5.541,5.806,6533.000
2011-06-03,5.635,5.684,5.544,5.614,3556.000
2011-06-07,5.565,5.649,5.544,5.610,4784.000
2011-06-08,5.506,5.576,5.370,5.565,9840.000
2011-06-09,5.328,5.527,5.304,5.527,5047.000
2011-06-10,5.230,5.338,5.143,5.300,4794.000
2011-06-13,5.171,5.202,5.122,5.202,4381.000
2011-06-14,5.237,5.258,5.161,5.161,3471.000
2011-06-15,5.189,5.269,5.189,5.237,3922.000
2011-06-16,4.930,5.189,4.882,5.189,6018.000
2011-06-17,4.784,4.955,4.781,4.889,4341.000
2011-06-20,4.589,4.774,4.557,4.739,4892.000
2011-06-21,4.648,4.659,4.582,4.582,3291.000
2011-06-22,4.697,4.704,4.606,4.655,3847.000
2011-06-23,4.812,4.840,4.638,4.697,7500.000
2011-06-24,4.885,4.944,4.767,4.791,6945.000
2011-06-27,4.941,4.997,4.882,4.930,5228.000
2011-06-28,4.951,5.070,4.882,5.007,8001.000
2011-06-30,4.906,4.965,4.843,4.882,4745.000
2011-07-01,4.955,5.004,4.920,4.924,4527.000
2011-07-04,5.119,5.178,4.958,4.958,10775.000
2011-07-05,5.143,5.168,5.077,5.080,11391.000
2011-07-06,5.105,5.164,5.049,5.143,5950.000
2011-07-07,5.070,5.126,5.046,5.056,11328.000
2011-07-08,5.042,5.108,4.979,5.059,4265.000
2011-07-11,5.039,5.056,4.944,5.053,5829.000
2011-07-12,4.896,5.011,4.892,4.969,6025.000
2011-07-13,5.028,5.042,4.875,4.878,7242.000
2011-07-14,5.195,5.527,5.039,5.039,26552.000
2011-07-15,5.237,5.290,5.129,5.140,16411.000
2011-07-18,5.642,5.760,5.436,5.495,46721.000
2011-07-19,5.450,5.576,5.412,5.509,19281.000
2011-07-20,5.384,5.488,5.293,5.467,15524.000
2011-07-21,5.311,5.377,5.283,5.342,8194.000
2011-07-22,5.300,5.359,5.283,5.328,6444.000
2011-07-25,5.195,5.544,5.143,5.300,17855.000
2011-07-26,5.251,5.269,4.986,5.164,11079.000
2011-07-27,5.345,5.422,5.178,5.202,12760.000
2011-07-28,5.279,5.318,5.230,5.279,7492.000
2011-07-29,5.126,5.342,5.115,5.331,6069.000
2011-08-01,5.094,5.195,5.063,5.108,4942.000
2011-08-02,5.039,5.091,4.969,5.091,5400.000
2011-08-03,5.122,5.164,4.927,4.976,6448.000
2011-08-04,5.129,5.213,5.108,5.126,4799.000
2011-08-05,4.986,5.039,4.920,5.000,6018.000
2011-08-08,5.168,5.405,5.014,5.178,37678.000
2011-08-09,4.822,4.969,4.652,4.659,22781.000
2011-08-10,4.899,4.969,4.770,4.875,15870.000
2011-08-11,5.018,5.035,4.700,4.774,14787.000
2011-08-12,5.077,5.182,5.014,5.073,12133.000
2011-08-15,5.112,5.112,5.007,5.080,10210.000
2011-08-16,5.098,5.182,5.063,5.105,9621.000
2011-08-17,5.056,5.175,5.056,5.140,8141.000
2011-08-18,4.854,5.073,4.854,5.059,8622.000
2011-08-19,4.899,4.927,4.721,4.770,7842.000
2011-08-23,5.000,5.004,4.871,4.882,6390.000
2011-08-24,5.011,5.119,5.000,5.073,8680.000
2011-08-25,5.112,5.126,4.979,5.018,10090.000
2011-08-26,5.164,5.223,5.073,5.084,14994.000
2011-08-29,5.087,5.164,5.025,5.157,7460.000
2011-08-30,4.986,5.157,4.986,5.108,8644.000
2011-08-31,4.944,5.021,4.892,4.934,5346.000
2011-09-01,4.924,5.011,4.896,4.944,5525.000
2011-09-02,5.189,5.216,4.854,4.882,18962.000
2011-09-05,5.283,5.370,5.028,5.126,46193.000
2011-09-06,5.126,5.230,5.091,5.195,17449.000
2011-09-07,5.551,5.579,5.143,5.143,43225.000
2011-09-08,5.412,5.548,5.405,5.492,30789.000
2011-09-09,5.440,5.537,5.318,5.366,17732.000
2011-09-13,5.328,5.405,5.234,5.338,13383.000
2011-09-14,5.544,5.551,5.304,5.352,24211.000
2011-09-15,5.464,5.548,5.429,5.474,16926.000
2011-09-16,5.286,5.499,5.286,5.412,16472.000
2011-09-19,5.304,5.391,5.202,5.241,11582.000
2011-09-20,5.474,5.544,5.241,5.304,21151.000
2011-09-21,5.579,5.603,5.398,5.457,25811.000
2011-09-22,5.307,5.572,5.290,5.509,17124.000
2011-09-23,5.021,5.265,4.955,5.185,17632.000
2011-09-26,4.934,5.073,4.889,5.021,7233.000
2011-09-27,5.004,5.021,4.920,4.990,6308.000
2011-09-28,4.794,5.039,4.781,5.018,8328.000
2011-09-29,4.495,4.794,4.369,4.794,8727.000
2011-09-30,4.536,4.561,4.393,4.467,4320.000
2011-10-10,4.491,4.585,4.463,4.516,2724.000
2011-10-11,4.453,4.672,4.400,4.599,3975.000
2011-10-12,4.613,4.620,4.428,4.453,6916.000
2011-10-13,4.760,4.836,4.603,4.620,9863.000
2011-10-14,4.707,4.777,4.655,4.739,4967.000
2011-10-17,4.739,4.794,4.659,4.718,8011.000
2011-10-18,4.550,4.735,4.536,4.676,5066.000
2011-10-19,4.617,4.721,4.554,4.592,5633.000
2011-10-20,4.387,4.627,4.359,4.589,6605.000
2011-10-21,4.237,4.446,4.233,4.393,4231.000
2011-10-24,4.317,4.324,4.142,4.264,4195.000
2011-10-25,4.425,4.442,4.254,4.324,6993.000
2011-10-26,4.411,4.484,4.341,4.380,6390.000
2011-10-27,4.425,4.505,4.393,4.446,4838.000
2011-10-28,4.557,4.589,4.463,4.463,7618.000
2011-10-31,4.561,4.620,4.498,4.533,5847.000
2011-11-01,4.585,4.599,4.498,4.533,5549.000
2011-11-02,4.697,4.707,4.470,4.481,8727.000
2011-11-03,5.157,5.161,4.693,4.697,38331.000
2011-11-04,4.965,5.136,4.944,5.066,40582.000
2011-11-07,4.850,4.917,4.777,4.882,13588.000
2011-11-08,4.770,4.910,4.735,4.829,9933.000
2011-11-09,4.871,4.878,4.763,4.763,7549.000
2011-11-10,4.770,4.861,4.742,4.812,8408.000
2011-11-11,4.770,4.826,4.735,4.760,6042.000
2011-11-14,4.896,4.913,4.794,4.826,8053.000
2011-11-15,4.934,5.080,4.892,4.955,10214.000
2011-11-16,4.735,4.917,4.707,4.913,10204.000
2011-11-17,4.728,4.777,4.676,4.676,5092.000
2011-11-18,4.599,4.763,4.582,4.707,4312.000
2011-11-21,4.585,4.648,4.533,4.648,3753.000
2011-11-22,4.631,4.638,4.512,4.512,3864.000
2011-11-23,4.589,4.707,4.582,4.686,2641.000
2011-11-24,4.732,4.742,4.463,4.516,6513.000
2011-11-25,4.986,5.004,4.662,4.704,35690.000
2011-11-28,4.815,5.070,4.756,4.930,26679.000
2011-11-29,4.707,4.948,4.665,4.819,27376.000
2011-11-30,4.306,4.655,4.254,4.655,25899.000
2011-12-01,4.331,4.453,4.324,4.400,14930.000
2011-12-02,4.226,4.320,4.174,4.289,7512.000
2011-12-05,4.219,4.275,4.170,4.226,4643.000
2011-12-06,4.202,4.219,4.132,4.209,5006.000
2011-12-07,4.237,4.247,4.149,4.202,3450.000
2011-12-08,4.240,4.278,4.142,4.202,4881.000
2011-12-09,4.163,4.237,4.163,4.219,3337.000
2011-12-12,4.170,4.209,4.153,4.177,3560.000
2011-12-13,3.972,4.167,3.968,4.167,3441.000
2011-12-14,3.829,3.937,3.818,3.912,2505.000
2011-12-15,3.714,3.801,3.651,3.801,4540.000
2011-12-16,3.748,3.748,3.633,3.661,3746.000
2011-12-19,3.714,3.724,3.592,3.724,6004.000
2011-12-20,3.734,3.870,3.675,3.696,6760.000
2011-12-21,3.647,3.815,3.644,3.776,5064.000
2011-12-22,3.473,3.605,3.309,3.525,6556.000
2011-12-26,3.473,3.550,3.452,3.490,3428.000
2011-12-27,3.344,3.466,3.330,3.459,2696.000
2011-12-28,3.288,3.327,3.229,3.299,3276.000
2011-12-29,3.292,3.365,3.222,3.222,2486.000
2011-12-30,3.354,3.375,3.299,3.344,2320.000
2012-01-04,3.689,3.689,3.490,3.592,18345.000
2012-01-05,3.679,3.686,3.511,3.592,28921.000
2012-01-06,3.707,3.752,3.529,3.585,19740.000
2012-01-09,3.846,3.870,3.626,3.689,22511.000
2012-01-10,3.919,3.965,3.752,3.801,23327.000
2012-01-11,3.870,3.923,3.801,3.923,16412.000
2012-01-12,3.815,3.951,3.801,3.801,12470.000
2012-01-13,3.665,3.850,3.644,3.759,12830.000
2012-01-16,3.522,3.731,3.515,3.661,6983.000
2012-01-17,3.759,3.790,3.497,3.529,12932.000
2012-01-18,3.658,3.832,3.651,3.731,13562.000
2012-01-19,3.668,3.762,3.592,3.633,8647.000
2012-01-20,3.696,3.731,3.686,3.686,4392.000
2012-01-30,3.682,3.748,3.644,3.721,3622.000
2012-01-31,3.808,3.822,3.626,3.689,9378.000
2012-02-01,3.728,3.822,3.700,3.801,6587.000
2012-02-02,3.836,3.839,3.700,3.731,11751.000
2012-02-03,3.867,3.905,3.794,3.797,12062.000
2012-02-06,3.891,4.010,3.829,3.912,15567.000
2012-02-07,3.710,3.867,3.696,3.776,9923.000
2012-02-08,3.822,3.829,3.672,3.682,9217.000
2012-02-09,3.923,4.038,3.783,3.783,22110.000
2012-02-10,3.933,3.954,3.787,3.884,10651.000
2012-02-13,3.961,3.986,3.863,3.881,9148.000
2012-02-14,3.940,3.975,3.912,3.975,5305.000
2012-02-15,4.066,4.101,3.923,3.940,12522.000
2012-02-16,4.128,4.247,4.027,4.031,22325.000
2012-02-17,4.045,4.149,3.982,4.125,13080.000
2012-02-20,4.006,4.108,4.003,4.080,11647.000
2012-02-21,4.045,4.045,3.940,4.010,7764.000
2012-02-22,4.125,4.125,4.017,4.034,13863.000
2012-02-23,4.125,4.146,4.059,4.118,11722.000
2012-02-24,4.170,4.181,4.097,4.139,12807.000
2012-02-27,4.142,4.247,4.142,4.181,16497.000
2012-02-28,4.073,4.132,4.013,4.097,10088.000
2012-02-29,4.125,4.181,4.020,4.080,16422.000
2012-03-01,4.317,4.348,4.087,4.087,35238.000
2012-03-02,4.285,4.502,4.219,4.502,26235.000
2012-03-05,4.244,4.313,4.226,4.261,12501.000
2012-03-06,4.181,4.258,4.149,4.254,8663.000
2012-03-07,4.170,4.282,4.118,4.149,12754.000
2012-03-08,4.223,4.271,4.160,4.160,9557.000
2012-03-09,4.268,4.271,4.160,4.160,12264.000
2012-03-12,4.299,4.306,4.226,4.271,9831.000
2012-03-13,4.320,4.338,4.271,4.289,10049.000
2012-03-14,4.027,4.414,3.912,4.320,17903.000
2012-03-15,3.912,4.066,3.870,4.013,8645.000
2012-03-16,4.303,4.303,3.975,3.982,27938.000
2012-03-19,4.481,4.533,4.359,4.428,56252.000
2012-03-20,4.296,4.425,4.268,4.425,21297.000
2012-03-21,4.505,4.707,4.258,4.320,34971.000
2012-03-22,4.383,4.491,4.341,4.467,16953.000
2012-03-23,4.191,4.369,4.184,4.324,11889.000
2012-03-26,4.080,4.226,3.996,4.219,10051.000
2012-03-27,4.097,4.181,4.080,4.122,7333.000
2012-03-28,3.933,4.097,3.923,4.062,10031.000
2012-03-29,3.933,4.055,3.870,3.933,7737.000
2012-03-30,3.926,3.996,3.902,3.933,7321.000
2012-04-05,4.066,4.073,3.843,3.923,7722.000
2012-04-06,4.090,4.149,4.020,4.024,7775.000
2012-04-09,4.052,4.139,4.052,4.080,6869.000
2012-04-10,3.940,3.968,3.766,3.877,12784.000
2012-04-11,3.881,3.930,3.839,3.930,6514.000
2012-04-12,3.965,3.965,3.846,3.846,6414.000
2012-04-13,4.020,4.062,3.968,3.986,8364.000
2012-04-16,4.027,4.062,3.954,3.954,6277.000
2012-04-17,3.986,4.062,3.958,4.027,5632.000
2012-04-18,4.101,4.101,3.989,4.038,10628.000
2012-04-19,4.108,4.142,4.062,4.094,9371.000
2012-04-20,4.160,4.170,4.104,4.108,8026.000
2012-04-23,3.951,4.167,3.909,4.167,11070.000
2012-04-24,3.909,3.958,3.829,3.916,8649.000
2012-04-25,4.010,4.219,3.870,3.888,6657.000
2012-04-26,4.045,4.163,3.975,3.975,10633.000
2012-04-27,3.982,4.045,3.961,3.979,4968.000
2012-05-02,4.024,4.055,3.968,3.993,7585.000
2012-05-03,4.076,4.080,3.979,4.010,6058.000
2012-05-04,4.118,4.125,4.052,4.076,8658.000
2012-05-07,4.094,4.108,4.027,4.073,5416.000
2012-05-08,4.104,4.128,4.031,4.069,6973.000
2012-05-09,3.979,4.115,3.979,4.066,6117.000
2012-05-10,4.020,4.041,3.958,4.006,3632.000
2012-05-11,3.989,4.055,3.989,4.055,3859.000
2012-05-14,3.972,4.031,3.965,4.017,5238.000
2012-05-15,4.198,4.254,3.958,3.958,35031.000
2012-05-16,4.108,4.177,4.073,4.160,19534.000
2012-05-17,4.247,4.317,4.080,4.104,24250.000
2012-05-18,4.132,4.251,4.125,4.195,16728.000
2012-05-21,4.174,4.317,3.853,4.034,26567.000
2012-05-22,4.146,4.174,4.087,4.118,10234.000
2012-05-23,4.108,4.170,4.052,4.156,7477.000
2012-05-24,3.961,4.097,3.947,4.073,9287.000
2012-05-25,3.909,4.024,3.898,3.961,5966.000
2012-05-28,3.930,3.937,3.801,3.905,6837.000
2012-05-29,3.979,3.999,3.881,3.905,8142.000
2012-05-30,4.017,4.041,3.961,3.975,7018.000
2012-05-31,3.993,4.013,3.905,3.968,5868.000
2012-06-01,4.003,4.052,3.961,3.993,5191.000
2012-06-04,4.090,4.244,3.905,3.940,24601.000
2012-06-05,4.226,4.251,4.045,4.080,29922.000
2012-06-06,4.216,4.247,4.132,4.212,15406.000
2012-06-07,4.275,4.352,4.167,4.219,26758.000
2012-06-08,4.135,4.348,4.128,4.320,16740.000
2012-06-11,4.163,4.181,4.017,4.097,16151.000
2012-06-12,4.104,4.160,4.080,4.160,9643.000
2012-06-13,4.170,4.174,4.013,4.090,12510.000
2012-06-14,4.205,4.275,4.104,4.149,15293.000
2012-06-15,4.216,4.251,4.135,4.223,12976.000
2012-06-18,4.174,4.247,4.167,4.195,10951.000
2012-06-19,4.108,4.191,4.097,4.191,6394.000
2012-06-20,4.069,4.132,4.048,4.122,8576.000
2012-06-21,4.003,4.128,3.975,4.045,7577.000
2012-06-26,3.912,3.940,3.853,3.937,6788.000
2012-06-27,3.888,3.947,3.881,3.916,3584.000
2012-06-28,3.860,3.926,3.860,3.881,4007.000
2012-06-29,3.912,3.926,3.836,3.853,3619.000
2012-07-02,4.024,4.177,3.982,4.048,12745.000
2012-07-03,4.094,4.097,4.013,4.062,10883.000
2012-07-04,3.979,4.097,3.979,4.097,7883.000
2012-07-05,3.877,3.999,3.857,3.944,6374.000
2012-07-06,3.846,3.919,3.696,3.909,8509.000
2012-07-09,3.689,3.916,3.661,3.832,5869.000
2012-07-10,3.588,3.707,3.574,3.644,4400.000
2012-07-11,3.616,3.626,3.539,3.539,3210.000
2012-07-12,3.668,3.689,3.560,3.616,3348.000
2012-07-13,3.640,3.717,3.626,3.626,3178.000
2012-07-16,3.340,3.644,3.316,3.644,6210.000
2012-07-17,3.382,3.396,3.285,3.344,3947.000
2012-07-18,3.403,3.410,3.299,3.382,3730.000
2012-07-19,3.494,3.592,3.365,3.400,6020.000
2012-07-20,3.456,3.487,3.438,3.452,3014.000
2012-07-23,3.435,3.473,3.389,3.417,2563.000
2012-07-24,3.473,3.490,3.407,3.407,3378.000
2012-07-25,3.476,3.511,3.452,3.469,3698.000
2012-07-26,3.421,3.529,3.407,3.529,4582.000
2012-07-27,3.386,3.480,3.330,3.452,3683.000
2012-07-30,3.274,3.410,3.271,3.351,2628.000
2012-07-31,3.201,3.285,3.187,3.281,3235.000
2012-08-01,3.253,3.271,3.194,3.194,2026.000
2012-08-02,3.239,3.281,3.194,3.218,1849.000
2012-08-03,3.306,3.313,3.239,3.239,2142.000
2012-08-06,3.379,3.396,3.271,3.274,3227.000
2012-08-07,3.417,3.469,3.365,3.379,5535.000
2012-08-08,3.396,3.438,3.368,3.389,4140.000
2012-08-09,3.532,3.609,3.365,3.396,11097.000
2012-08-10,3.463,3.515,3.459,3.494,5928.000
2012-08-13,3.354,3.469,3.354,3.463,4329.000
2012-08-14,3.407,3.410,3.337,3.382,3027.000
2012-08-15,3.375,3.438,3.354,3.354,3256.000
2012-08-16,3.347,3.396,3.347,3.375,2019.000
2012-08-17,3.407,3.435,3.333,3.347,2514.000
2012-08-20,3.446,3.470,3.382,3.410,3062.000
2012-08-21,3.530,3.558,3.442,3.481,7043.000
2012-08-22,3.470,3.558,3.446,3.555,3568.000
2012-08-23,3.527,3.534,3.456,3.463,3891.000
2012-08-24,3.449,3.537,3.432,3.520,3062.000
2012-08-27,3.358,3.484,3.270,3.439,3496.000
2012-08-28,3.481,3.481,3.336,3.358,3247.000
2012-08-29,3.499,3.520,3.453,3.499,4334.000
2012-08-30,3.442,3.509,3.368,3.488,4136.000
2012-08-31,3.474,3.495,3.403,3.495,3446.000
2012-09-03,3.509,3.534,3.463,3.516,5619.000
2012-09-04,3.484,3.587,3.477,3.509,5143.000
2012-09-05,3.499,3.541,3.393,3.393,3319.000
2012-09-06,3.530,3.555,3.502,3.520,3899.000
2012-09-07,3.625,3.675,3.544,3.562,9240.000
2012-09-10,3.661,3.671,3.590,3.650,5627.000
2012-09-11,3.622,3.657,3.594,3.657,5066.000
2012-09-12,3.647,3.661,3.604,3.647,4255.000
2012-09-13,3.601,3.682,3.601,3.682,4574.000
2012-09-14,3.601,3.643,3.551,3.618,5324.000
2012-09-17,3.499,3.608,3.491,3.573,3671.000
2012-09-18,3.541,3.622,3.425,3.499,4255.000
2012-09-19,3.548,3.608,3.495,3.527,2968.000
2012-09-20,3.442,3.565,3.435,3.565,5182.000
2012-09-21,3.382,3.442,3.368,3.425,2915.000
2012-09-24,3.418,3.432,3.354,3.382,1688.000
2012-09-25,3.446,3.544,3.393,3.393,2473.000
2012-09-26,3.382,3.615,3.333,3.428,3721.000
2012-09-27,3.446,3.456,3.315,3.418,3951.000
2012-09-28,3.460,3.477,3.389,3.453,4424.000
2012-10-08,3.453,3.481,3.425,3.460,1606.000
2012-10-09,3.541,3.541,3.470,3.470,4612.000
2012-10-10,3.583,3.590,3.516,3.534,5024.000
2012-10-11,3.551,3.608,3.530,3.580,3669.000
2012-10-12,3.541,3.590,3.484,3.548,3547.000
2012-10-15,3.506,3.594,3.470,3.537,1971.000
2012-10-16,3.569,3.580,3.481,3.509,3455.000
2012-10-17,3.541,3.580,3.530,3.569,2675.000
2012-10-18,3.580,3.594,3.541,3.541,4831.000
2012-10-19,3.573,3.590,3.541,3.590,4051.000
2012-10-22,3.565,3.576,3.488,3.565,3640.000
2012-10-23,3.618,3.643,3.537,3.548,10043.000
2012-10-24,3.611,3.618,3.558,3.601,4063.000
2012-10-25,3.580,3.636,3.527,3.580,6471.000
2012-10-26,3.446,3.562,3.421,3.562,3636.000
2012-10-29,3.425,3.481,3.418,3.435,1975.000
2012-10-30,3.425,3.467,3.418,3.418,1555.000
2012-10-31,3.435,3.439,3.386,3.435,2059.000
2012-11-01,3.481,3.502,3.418,3.418,1783.000
2012-11-02,3.562,3.618,3.502,3.502,5559.000
2012-11-05,3.516,3.562,3.491,3.527,2659.000
2012-11-06,3.481,3.509,3.435,3.499,2597.000
2012-11-07,3.520,3.530,3.446,3.446,3153.000
2012-11-08,3.470,3.513,3.435,3.467,2924.000
2012-11-09,3.509,3.551,3.418,3.418,2583.000
2012-11-12,3.735,3.854,3.509,3.509,21819.000
2012-11-13,3.615,3.798,3.558,3.752,13371.000
2012-11-14,3.541,3.661,3.439,3.594,10371.000
2012-11-15,3.587,3.671,3.474,3.523,10339.000
2012-11-16,3.477,3.601,3.432,3.590,6346.000
2012-11-19,3.541,3.569,3.418,3.418,6066.000
2012-11-20,3.597,3.692,3.516,3.527,13057.000
2012-11-21,3.558,3.597,3.463,3.562,8169.000
2012-11-22,3.699,3.724,3.484,3.541,21400.000
2012-11-23,3.678,3.699,3.611,3.661,11424.000
2012-11-26,3.594,3.664,3.594,3.664,6940.000
2012-11-27,3.308,3.576,3.305,3.558,12534.000
2012-11-28,3.129,3.291,3.122,3.291,6123.000
2012-11-29,3.033,3.203,3.033,3.160,5816.000
2012-11-30,3.072,3.097,2.995,3.033,3359.000
2012-12-03,2.970,3.111,2.959,3.037,3790.000
2012-12-04,3.037,3.058,2.935,2.970,4023.000
2012-12-05,3.157,3.181,3.009,3.023,6036.000
2012-12-06,3.129,3.192,3.118,3.129,3040.000
2012-12-07,3.273,3.361,3.104,3.129,11740.000
2012-12-10,3.298,3.329,3.217,3.291,8790.000
2012-12-11,3.217,3.294,3.217,3.259,6429.000
2012-12-12,3.224,3.241,3.171,3.217,4062.000
2012-12-13,3.220,3.241,3.181,3.203,2537.000
2012-12-14,3.326,3.344,3.220,3.224,7142.000
2012-12-17,3.305,3.347,3.280,3.326,6118.000
2012-12-18,3.305,3.347,3.291,3.298,5055.000
2012-12-19,3.301,3.322,3.270,3.294,3289.000
2012-12-20,3.301,3.305,3.245,3.270,3874.000
2012-12-21,3.315,3.319,3.270,3.294,5253.000
2012-12-24,3.326,3.340,3.305,3.312,5555.000
2012-12-25,3.389,3.410,3.326,3.326,7588.000
2012-12-26,3.474,3.513,3.347,3.393,9659.000
2012-12-27,3.481,3.597,3.453,3.477,19922.000
2012-12-28,3.488,3.506,3.425,3.506,9304.000
2012-12-31,3.576,3.661,3.474,3.502,12013.000
2013-01-04,3.449,3.590,3.435,3.590,19234.000
2013-01-07,3.513,3.534,3.442,3.449,8639.000
2013-01-08,3.541,3.558,3.474,3.509,8622.000
2013-01-09,3.562,3.573,3.506,3.523,11684.000
2013-01-10,3.555,3.565,3.509,3.523,10203.000
2013-01-11,3.470,3.565,3.449,3.555,10568.000
2013-01-14,3.604,3.664,3.418,3.418,17088.000
2013-01-15,3.812,3.893,3.604,3.668,45338.000
2013-01-16,3.696,3.787,3.636,3.787,19826.000
2013-01-17,3.661,3.745,3.643,3.692,9509.000
2013-01-18,3.728,3.742,3.643,3.643,7905.000
2013-01-21,3.738,3.742,3.675,3.728,7438.000
2013-01-22,3.675,3.745,3.654,3.742,7886.000
2013-01-23,3.745,3.798,3.629,3.650,8104.000
2013-01-24,3.618,3.759,3.604,3.735,8436.000
2013-01-25,3.625,3.664,3.608,3.625,3648.000
2013-01-28,3.713,3.724,3.629,3.629,5251.000
2013-01-29,3.773,3.784,3.682,3.710,12502.000
2013-01-30,3.738,3.780,3.671,3.724,5757.000
2013-01-31,3.565,3.664,3.491,3.664,17830.000
2013-02-01,3.590,3.604,3.513,3.527,6275.000
2013-02-04,3.738,3.749,3.590,3.618,14937.000
2013-02-05,3.706,3.780,3.678,3.689,4999.000
2013-02-06,3.699,3.752,3.699,3.724,3653.000
2013-02-07,3.840,3.890,3.650,3.654,12691.000
2013-02-08,3.819,3.872,3.787,3.823,13746.000
2013-02-18,3.819,3.872,3.794,3.826,7246.000
2013-02-19,3.710,3.826,3.710,3.819,7061.000
2013-02-20,3.791,3.798,3.692,3.710,4614.000
2013-02-21,3.664,3.759,3.650,3.759,5188.000
2013-02-22,3.675,3.710,3.629,3.692,3403.000
2013-02-25,3.738,3.738,3.675,3.717,2691.000
2013-02-26,3.738,3.876,3.703,3.717,8829.000
2013-02-27,3.720,3.816,3.699,3.738,7740.000
2013-02-28,3.773,3.823,3.647,3.742,8073.000
2013-03-01,3.809,3.840,3.745,3.745,10947.000
2013-03-04,3.861,4.052,3.756,3.787,24994.000
2013-03-05,3.932,3.935,3.798,3.837,12353.000
2013-03-06,3.914,4.016,3.883,4.016,11655.000
2013-03-07,3.847,3.925,3.823,3.890,7927.000
2013-03-08,3.833,3.897,3.830,3.858,3808.000
2013-03-11,3.847,3.883,3.823,3.830,3346.000
2013-03-12,3.696,3.840,3.629,3.840,9037.000
2013-03-13,3.629,3.703,3.573,3.647,3804.000
2013-03-14,3.594,3.639,3.576,3.594,2825.000
2013-03-15,3.611,3.654,3.576,3.594,2555.000
2013-03-18,3.576,3.643,3.576,3.611,2298.000
2013-03-19,3.530,3.580,3.502,3.580,3291.000
2013-03-20,3.625,3.636,3.537,3.537,2457.000
2013-03-21,3.661,3.678,3.611,3.639,2752.000
2013-03-22,3.678,3.699,3.611,3.657,4655.000
2013-03-25,3.678,3.710,3.650,3.671,2984.000
2013-03-26,3.597,3.675,3.548,3.675,3535.000
2013-03-27,3.604,3.639,3.565,3.576,1798.000
2013-03-28,3.555,3.604,3.530,3.576,2770.000
2013-03-29,3.551,3.601,3.534,3.558,1648.000
2013-04-01,3.565,3.597,3.548,3.551,1997.000
2013-04-02,3.530,3.597,3.527,3.565,1783.000
2013-04-03,3.484,3.537,3.470,3.537,2143.000
2013-04-08,3.414,3.484,3.171,3.470,2681.000
2013-04-09,3.453,3.456,3.400,3.400,3886.000
2013-04-10,3.428,3.449,3.403,3.449,1731.000
2013-04-11,3.410,3.467,3.410,3.428,1283.000
2013-04-12,3.393,3.446,3.375,3.410,1587.000
2013-04-15,3.277,3.396,3.270,3.396,2770.000
2013-04-16,3.326,3.326,3.234,3.234,1586.000
2013-04-17,3.372,3.375,3.284,3.294,1733.000
2013-04-18,3.456,3.657,3.224,3.262,6349.000
2013-04-19,3.460,3.463,3.365,3.425,4992.000
2013-04-22,3.435,3.463,3.375,3.418,2909.000
2013-04-23,3.347,3.456,3.315,3.435,2610.000
2013-04-24,3.372,3.379,3.301,3.329,3001.000
2013-04-25,3.277,3.351,3.277,3.336,2588.000
2013-04-26,3.252,3.315,3.241,3.277,2250.000
2013-05-02,3.248,3.280,3.206,3.241,1268.000
2013-05-03,3.294,3.301,3.248,3.277,2296.000
2013-05-06,3.358,3.361,3.277,3.277,3803.000
2013-05-07,3.625,3.647,3.340,3.358,16272.000
2013-05-08,3.763,3.833,3.523,3.569,45108.000
2013-05-09,3.611,3.763,3.558,3.763,20679.000
2013-05-10,3.558,3.597,3.513,3.594,10135.000
2013-05-13,3.647,3.675,3.544,3.576,10693.000
2013-05-14,3.618,3.629,3.541,3.629,5208.000
2013-05-15,3.615,3.650,3.594,3.594,6052.000
2013-05-16,3.639,3.650,3.594,3.597,4899.000
2013-05-17,3.678,3.728,3.611,3.611,6836.000
2013-05-20,3.770,3.805,3.618,3.678,11260.000
2013-05-21,3.935,3.935,3.773,3.798,18910.000
2013-05-22,3.851,4.013,3.847,3.942,33442.000
2013-05-23,3.995,4.006,3.735,3.791,35025.000
2013-05-24,3.907,3.992,3.886,3.904,14187.000
2013-05-27,3.865,3.942,3.809,3.911,10425.000
2013-05-28,3.837,3.911,3.812,3.854,8132.000
2013-05-29,3.861,3.897,3.830,3.858,6564.000
2013-05-30,3.826,3.893,3.823,3.833,6293.000
2013-05-31,3.830,3.883,3.819,3.847,5878.000
2013-06-03,3.759,3.830,3.749,3.823,7103.000
2013-06-04,3.664,3.770,3.664,3.731,3896.000
2013-06-05,3.728,3.731,3.647,3.647,3615.000
2013-06-06,3.661,3.728,3.657,3.728,3122.000
2013-06-07,3.601,3.682,3.590,3.657,5735.000
2013-06-13,3.488,3.601,3.470,3.601,3617.000
2013-06-14,3.523,3.541,3.491,3.537,3659.000
2013-06-17,3.594,3.601,3.509,3.523,3293.000
2013-06-18,3.872,3.911,3.615,3.615,13239.000
2013-06-19,3.805,3.858,3.703,3.858,7684.000
2013-06-20,3.675,3.787,3.668,3.787,5388.000
2013-06-21,3.770,3.777,3.527,3.629,5384.000
2013-06-24,3.675,3.840,3.675,3.759,9121.000
2013-06-25,3.544,3.576,3.308,3.576,8335.000
2013-06-26,3.537,3.558,3.382,3.516,4581.000
2013-06-27,3.477,3.615,3.425,3.530,2920.000
2013-06-28,3.516,3.590,3.428,3.428,2431.000
2013-07-01,3.583,3.587,3.425,3.463,1698.000
2013-07-02,3.611,3.629,3.534,3.594,2344.000
2013-07-03,3.594,3.604,3.520,3.558,2756.000
2013-07-04,3.678,3.713,3.541,3.562,4934.000
2013-07-05,3.682,3.706,3.632,3.678,3049.000
2013-07-08,3.530,3.682,3.523,3.682,3362.000
2013-07-09,3.562,3.594,3.477,3.481,1531.000
2013-07-10,3.671,3.675,3.569,3.601,3620.000
2013-07-11,3.692,3.770,3.625,3.657,4663.000
2013-07-12,3.777,3.777,3.650,3.692,7246.000
2013-07-15,3.802,3.872,3.770,3.770,7826.000
2013-07-16,3.809,3.833,3.745,3.802,4031.000
2013-07-17,3.745,3.812,3.735,3.812,3809.000
2013-07-18,3.946,4.013,3.720,3.742,19324.000
2013-07-19,3.868,4.013,3.868,3.942,9875.000
2013-07-22,4.009,4.009,3.840,3.893,11496.000
2013-07-23,4.108,4.119,4.006,4.045,14030.000
2013-07-24,4.048,4.150,3.999,4.150,10796.000
2013-07-25,3.921,4.087,3.918,4.048,7389.000
2013-07-26,3.942,3.985,3.893,3.946,4368.000
2013-07-29,3.971,4.066,3.893,3.928,5623.000
2013-07-30,3.918,4.048,3.900,3.964,4575.000
2013-07-31,3.932,3.960,3.893,3.893,3216.000
2013-08-01,4.003,4.024,3.918,4.024,5038.000
2013-08-02,3.974,4.041,3.946,4.017,4206.000
2013-08-05,4.116,4.126,3.921,3.939,8243.000
2013-08-06,4.087,4.116,4.056,4.116,5724.000
2013-08-07,4.034,4.112,4.027,4.084,4453.000
2013-08-08,4.077,4.112,4.010,4.052,5363.000
2013-08-09,4.172,4.193,4.052,4.080,10553.000
2013-08-12,4.589,4.589,4.172,4.172,14992.000
2013-08-13,4.550,5.009,4.540,5.009,40469.000
2013-08-14,4.769,5.006,4.448,4.451,44752.000
2013-08-15,4.603,4.752,4.550,4.610,23654.000
2013-08-16,4.596,4.723,4.525,4.550,19111.000
2013-08-19,4.734,4.734,4.458,4.532,12972.000
2013-08-20,4.716,4.787,4.684,4.769,13704.000
2013-08-21,4.720,4.769,4.642,4.727,9221.000
2013-08-22,4.829,4.889,4.646,4.646,16593.000
2013-08-23,4.762,4.868,4.688,4.826,10475.000
2013-08-26,4.734,4.769,4.663,4.762,9177.000
2013-08-27,4.635,4.744,4.593,4.706,10010.000
2013-08-28,4.801,4.805,4.596,4.596,16307.000
2013-08-29,4.702,5.013,4.681,4.840,17045.000
2013-08-30,4.635,4.727,4.554,4.706,8722.000
2013-09-02,4.744,4.766,4.561,4.635,7111.000
2013-09-03,4.858,4.928,4.752,4.752,10196.000
2013-09-04,4.858,4.910,4.808,4.910,7089.000
2013-09-05,4.967,4.981,4.840,4.858,14701.000
2013-09-06,5.363,5.433,4.963,4.981,29897.000
2013-09-09,5.200,5.349,5.161,5.306,13279.000
2013-09-10,5.264,5.349,5.098,5.197,10342.000
2013-09-11,5.274,5.320,5.211,5.310,5287.000
2013-09-12,5.296,5.299,5.137,5.299,2994.000
2013-09-13,5.257,5.310,5.211,5.310,4637.000
2013-09-16,5.313,5.324,5.197,5.257,3935.000
2013-09-17,5.232,5.402,5.193,5.370,3927.000
2013-09-18,5.140,5.211,4.999,5.197,5883.000
2013-09-23,5.398,5.522,5.052,5.130,9357.000
2013-09-24,5.479,5.536,5.320,5.405,7046.000
2013-09-25,5.493,5.582,5.405,5.479,4022.000
2013-09-26,5.267,5.490,5.250,5.476,4406.000
2013-09-27,5.299,5.430,5.197,5.264,2315.000
2013-09-30,5.349,5.430,5.299,5.306,3284.000
2013-10-08,5.391,5.430,5.211,5.211,4448.000
2013-10-09,5.546,5.564,5.352,5.352,5405.000
2013-10-10,5.532,5.585,5.423,5.553,3772.000
2013-10-11,5.571,5.613,5.522,5.575,6380.000
2014-01-14,6.129,6.129,6.129,6.129,722.000
2014-01-15,6.744,6.744,6.744,6.744,589.000
2014-01-16,7.419,7.419,7.419,7.419,823.000
2014-01-17,8.161,8.161,8.161,8.161,1779.000
2014-01-20,8.977,8.977,8.977,8.977,3325.000
2014-01-21,9.874,9.874,9.874,9.874,1550.000
2014-01-22,10.863,10.863,10.863,10.863,4421.000
2014-01-23,11.951,11.951,11.951,11.951,3888.000
2014-01-29,13.145,13.145,13.145,13.145,12937.000
2014-01-30,14.459,14.459,14.459,14.459,9381.000
2014-02-07,15.904,15.904,15.904,15.904,31793.000
2014-02-10,17.494,17.494,17.045,17.268,113673.000
2014-02-11,19.243,19.243,18.370,18.681,123636.000
2014-02-12,19.306,19.511,18.472,19.214,70916.000
2014-02-13,17.646,19.253,17.377,19.077,93814.000
2014-02-14,17.664,18.087,17.243,17.664,62749.000
2014-02-17,18.600,18.723,17.487,17.554,66907.000
2014-02-18,17.664,18.635,17.664,18.342,59918.000
2014-02-19,18.087,18.395,17.243,17.328,47540.000
2014-02-20,17.628,18.105,17.261,18.024,45455.000
2014-02-21,18.193,19.253,17.526,17.526,61612.000
2014-02-24,19.285,19.914,18.052,18.063,76355.000
2014-02-25,17.921,19.705,17.692,19.112,82027.000
2014-02-26,18.275,18.335,16.639,17.427,37113.000
2014-02-27,18.370,19.070,17.780,18.759,47816.000
2014-02-28,18.105,18.642,17.628,17.780,34007.000
2014-03-03,18.759,18.822,17.699,18.034,36942.000
2014-03-04,18.953,19.840,18.480,18.723,46098.000
2014-03-05,17.370,19.020,17.059,18.805,71633.000
2014-03-06,17.727,17.854,17.134,17.664,25059.000
2014-03-07,17.702,18.155,17.222,17.494,28309.000
2014-03-10,16.349,17.240,16.042,17.240,27875.000
2014-03-11,15.858,16.180,15.081,16.180,27565.000
2014-03-12,15.897,16.102,15.226,15.646,15038.000
2014-03-13,16.067,16.173,15.378,15.827,15608.000
2014-03-14,16.000,16.303,15.615,15.897,13566.000
2014-03-17,16.611,16.844,15.791,15.879,15619.000
2014-03-18,16.537,16.727,16.314,16.611,9795.000
2014-03-19,16.586,17.307,16.540,16.678,15767.000
2014-03-20,15.138,16.674,14.929,16.537,21726.000
2014-03-21,14.869,15.116,14.307,14.837,15128.000
2014-03-24,14.131,14.795,13.990,14.795,13540.000
2014-03-25,14.445,14.449,13.940,14.053,12601.000
2014-03-26,14.484,14.767,14.307,14.410,9965.000
2014-03-27,13.354,14.579,13.248,14.484,14001.000
2014-03-28,12.258,13.385,12.223,13.251,31972.000
2014-03-31,12.273,12.541,11.775,12.195,21121.000
2014-04-01,12.449,12.506,12.100,12.241,12409.000
2014-04-02,12.576,12.824,12.357,12.470,18381.000
2014-04-03,12.523,13.025,12.329,12.545,15963.000
2014-04-04,12.640,12.824,12.379,12.707,10482.000
2014-04-08,12.753,12.841,12.022,12.541,11113.000
2014-04-09,13.152,13.287,12.686,12.689,16671.000
2014-04-10,13.424,14.110,13.039,13.248,30371.000
2014-04-11,12.894,13.156,12.665,13.053,27606.000
2014-04-14,12.990,13.071,12.735,12.965,10749.000
2014-04-15,13.142,13.350,12.824,12.894,14226.000
2014-04-16,12.686,13.198,12.682,13.039,13828.000
2014-04-17,12.841,13.071,12.693,12.746,10923.000
2014-04-18,13.067,13.177,12.718,12.788,6846.000
2014-04-21,12.576,13.149,12.576,12.947,9411.000
2014-04-22,12.294,12.859,12.082,12.506,9195.000
2014-04-23,12.329,12.647,12.223,12.311,7772.000
2014-04-24,12.043,12.520,11.845,12.393,7808.000
2014-04-25,11.972,12.400,11.870,12.022,6455.000
2014-04-28,11.870,12.244,11.810,12.057,7139.000
2014-04-29,12.135,12.273,11.835,11.866,5674.000
2014-04-30,13.234,13.347,12.135,12.146,26953.000
2014-05-05,13.605,13.704,13.075,13.273,21851.000
2014-05-06,13.601,13.711,13.358,13.587,11336.000
2014-05-07,13.746,14.248,13.464,13.464,17716.000
2014-05-08,13.435,13.570,13.110,13.110,15449.000
2014-05-09,12.633,13.534,12.457,13.386,13854.000
2014-05-12,13.128,13.146,12.633,12.813,10728.000
2014-05-13,14.124,14.442,13.050,13.181,16905.000
2014-05-14,14.241,14.294,13.722,14.117,12383.000
2014-05-15,13.513,14.206,13.446,14.139,11324.000
2014-05-16,14.347,14.488,13.188,13.425,11569.000
2014-05-19,14.492,14.662,14.071,14.259,18405.000
2014-05-20,14.435,14.778,14.312,14.520,12173.000
2014-05-21,14.736,14.771,14.015,14.312,11803.000
2014-05-22,14.566,14.941,14.566,14.891,11779.000
2014-05-23,14.619,14.665,14.241,14.418,9450.000
2014-05-26,14.750,14.997,14.418,14.700,11332.000
2014-05-27,14.442,15.305,14.389,14.821,18579.000
2014-05-28,14.700,14.715,14.096,14.312,15708.000
2014-05-29,14.326,14.817,14.273,14.662,10338.000
2014-05-30,14.347,14.418,14.064,14.181,6285.000
2014-06-03,14.206,14.453,14.174,14.347,5686.000
2014-06-04,13.739,14.100,13.587,13.973,14209.000
2014-06-05,14.185,14.301,13.623,13.739,11543.000
2014-06-06,13.955,14.329,13.570,14.135,9508.000
2014-06-09,13.835,14.096,13.690,13.817,5478.000
2014-06-10,14.149,14.170,13.616,13.824,7093.000
2014-06-18,14.669,15.382,14.527,15.089,44220.000
2014-06-19,13.202,14.418,13.202,14.213,25563.000
2014-06-20,12.951,13.068,12.647,12.898,14108.000
2014-06-23,13.446,13.503,12.905,12.934,14468.000
2014-06-24,13.817,13.927,13.255,13.428,9743.000
2014-06-25,14.114,14.234,13.474,13.821,14891.000
2014-06-26,15.503,15.524,13.690,13.958,28644.000
2014-06-27,15.234,15.549,14.976,15.531,12513.000
2014-06-30,15.549,15.902,15.199,15.549,15636.000
2014-07-01,15.768,15.969,15.199,15.584,13663.000
2014-07-02,16.404,16.860,15.577,15.739,16068.000
2014-07-03,17.492,17.665,16.287,16.616,21408.000
2014-07-04,16.874,17.570,16.743,17.492,15589.000
2014-07-07,16.951,17.598,16.679,16.821,8451.000
2014-07-08,15.909,16.923,15.778,16.923,22780.000
2014-07-09,15.831,16.213,15.761,16.153,9338.000
2014-07-10,15.884,16.121,15.796,15.796,5338.000
2014-07-11,16.390,16.729,15.881,15.881,6759.000
2014-07-14,15.195,16.372,14.806,16.170,19774.000
2014-07-15,15.266,15.347,14.849,15.008,7825.000
2014-07-16,14.481,15.372,14.223,15.231,10718.000
2014-07-17,14.117,14.481,13.432,14.432,10495.000
2014-07-18,13.587,14.064,13.492,13.987,8494.000
2014-07-21,14.103,14.192,13.492,13.552,6688.000
2014-07-22,14.015,14.382,13.987,14.110,4219.000
2014-07-23,13.354,14.124,13.305,14.022,7380.000
2014-07-24,13.598,13.919,13.276,13.276,7353.000
2014-07-25,14.033,14.206,13.464,13.598,8220.000
2014-07-28,15.054,15.135,14.110,14.110,11473.000
2014-07-29,15.619,15.789,14.888,15.255,8913.000
2014-07-30,15.729,15.902,15.407,15.496,6629.000
2014-07-31,15.704,16.598,15.513,16.079,8192.000
2014-08-01,15.096,15.782,15.096,15.782,7715.000
2014-08-04,15.566,15.644,15.125,15.170,9927.000
2014-08-05,15.722,15.845,15.443,15.845,5613.000
2014-08-07,15.920,17.294,15.849,17.294,19239.000
2014-08-08,15.973,16.139,15.206,16.043,10663.000
2014-08-11,15.824,15.973,15.623,15.973,4426.000
2014-08-12,15.824,16.008,15.768,15.973,5030.000
2014-08-13,15.372,15.962,15.047,15.962,9243.000
2014-08-14,15.690,15.778,15.262,15.704,10547.000
2014-08-15,15.792,15.958,15.478,15.637,4705.000
2014-08-18,16.064,16.121,15.785,15.785,7698.000
2014-08-19,15.902,16.238,15.761,16.004,7410.000
2014-08-20,15.743,16.114,15.531,15.888,5891.000
2014-08-21,16.072,16.114,15.594,15.743,6238.000
2014-08-22,16.040,16.351,15.867,16.114,5618.000
2014-08-25,16.079,16.110,15.655,16.008,5586.000
2014-08-26,15.902,16.142,15.789,16.068,7869.000
2014-08-27,15.549,15.884,15.354,15.884,6067.000
2014-08-28,15.485,15.591,15.368,15.541,3135.000
2014-08-29,15.612,15.722,15.305,15.305,2012.000
2014-09-01,16.043,16.079,15.520,15.761,6148.000
2014-09-02,16.213,16.238,15.994,15.994,6492.000
2014-09-03,16.248,16.291,16.142,16.252,4646.000
2014-09-04,16.397,16.453,16.238,16.238,4319.000
2014-09-05,16.789,16.789,16.100,16.287,9845.000
2014-09-09,17.524,17.630,16.824,16.824,14163.000
2014-09-10,17.439,17.520,17.019,17.319,9413.000
2014-09-11,18.351,18.665,17.315,17.436,15136.000
2014-09-12,18.443,18.658,18.305,18.407,9377.000
2014-09-15,20.026,20.213,18.443,18.443,18746.000
2014-09-26,18.022,19.789,18.022,19.789,7643.000
2014-09-29,18.022,18.058,16.838,17.167,23772.000
2014-09-30,18.072,18.125,17.669,17.810,9452.000
2014-10-08,17.566,18.156,17.340,18.156,11374.000
2014-10-09,17.563,17.739,17.421,17.655,9726.000
2014-10-10,17.690,18.199,17.563,17.672,11117.000
2014-10-13,18.022,18.199,17.425,17.492,17541.000
2014-10-14,18.549,18.658,17.863,18.209,14587.000
2014-10-15,19.082,19.471,18.457,18.906,11186.000
2014-10-16,18.983,19.683,18.983,19.001,8254.000
2014-10-17,18.132,19.086,18.026,18.976,11722.000
2014-10-20,19.386,19.786,17.959,18.029,11100.000
2014-10-21,19.397,19.750,19.188,19.750,6670.000
2014-10-22,19.153,19.789,19.086,19.432,5808.000
2014-10-23,19.404,19.432,19.082,19.082,4745.000
2014-10-24,19.160,19.754,19.135,19.754,10211.000
2014-10-27,18.906,19.082,18.036,19.012,9699.000
2014-10-28,18.874,19.436,18.740,18.740,16252.000
2014-10-29,19.482,20.496,18.906,18.906,43019.000
2014-10-30,20.319,20.436,19.506,19.506,29409.000
2015-03-24,22.351,22.351,22.351,22.351,541.000
2015-03-25,24.588,24.588,24.588,24.588,143.000
2015-03-26,27.047,27.047,27.047,27.047,768.000
2015-03-27,29.751,29.751,29.751,29.751,2861.930
2015-03-30,32.726,32.726,32.726,32.726,24049.000
2015-03-31,30.807,32.511,30.108,32.511,102537.000
2015-04-01,31.662,32.511,30.882,30.882,47449.000
2015-04-02,34.829,34.829,32.864,33.924,40880.000
2015-04-03,36.719,38.313,35.730,38.313,95265.000
2015-04-07,35.302,36.695,34.277,34.277,42034.000
2015-04-08,33.567,35.938,32.479,35.486,28249.000
2015-04-09,34.062,34.560,32.210,33.228,26842.000
2015-04-10,35.338,36.892,34.129,34.631,29011.000
2015-04-13,33.783,36.574,33.228,35.875,27884.000
2015-04-14,34.631,35.221,32.652,33.330,26617.000
2015-04-15,33.500,34.581,32.359,33.928,19600.000
2015-04-16,33.853,33.853,32.366,33.500,17039.000
2015-04-17,33.567,34.454,32.899,33.783,16549.000
2015-04-20,32.334,33.571,30.210,32.687,24199.000
2015-04-21,33.041,33.938,31.814,32.503,14636.000
2015-04-22,34.214,34.634,33.352,34.277,31106.000
2015-04-23,34.631,35.338,33.924,34.701,37632.000
2015-04-24,35.062,35.090,33.394,34.348,27650.000
2015-04-27,34.984,36.002,33.998,35.295,19650.000
2015-04-28,33.111,34.631,32.613,34.631,17260.000
2015-04-29,32.900,33.802,31.899,33.081,14826.000
2015-04-30,32.953,33.678,32.546,32.550,10740.000
2015-05-04,32.900,32.936,31.443,32.405,22029.000
2015-05-05,32.900,33.211,32.051,32.557,18185.000
2015-05-06,32.228,33.919,31.931,32.996,9425.000
2015-05-07,31.687,32.543,30.778,32.193,13865.000
2015-05-08,33.537,33.785,32.019,32.019,17839.000
2015-05-11,35.235,35.376,33.254,33.696,29679.000
2015-05-12,35.691,37.817,35.093,36.438,39360.000
2015-05-13,35.751,36.155,33.965,34.492,25283.000
2015-05-14,39.328,39.328,36.466,37.145,39501.000
2015-05-15,38.033,40.039,37.145,39.622,31674.000
2015-05-18,38.132,38.914,36.781,38.136,24275.000
2015-05-19,37.534,38.560,35.819,38.100,40318.000
2015-05-20,40.870,41.249,36.491,37.499,50238.000
2015-05-21,40.152,41.727,38.872,40.329,34508.000
2015-05-22,38.518,40.612,37.527,39.975,33522.000
2015-05-25,36.738,37.294,34.669,34.669,53613.000
2015-05-26,36.933,37.428,36.155,36.784,29860.000
2015-05-27,34.305,36.788,33.926,36.788,49960.000
2015-07-23,31.025,33.254,30.873,30.873,111696.000
2015-07-24,34.128,34.128,30.728,30.898,116079.000
2015-07-27,30.770,35.897,30.714,34.941,63534.000
2015-07-28,28.298,30.378,27.693,28.478,41904.000
2015-07-29,29.391,29.504,26.890,28.429,29909.000
2015-07-30,27.771,29.394,27.587,29.253,21688.000
2015-07-31,25.499,27.452,25.284,27.452,30622.000
2015-08-03,22.952,25.047,22.949,24.233,45562.000
2015-08-04,25.248,25.248,23.009,23.348,25183.000
2015-08-05,27.774,27.774,25.648,26.179,20869.000
2015-08-13,30.548,30.551,29.362,30.551,58260.000
2015-08-14,30.661,32.033,29.787,29.787,33307.000
2015-08-17,29.826,30.601,27.682,30.066,36708.000
2015-08-18,26.989,29.925,26.844,29.826,26949.000
2015-08-19,28.563,28.938,25.825,26.179,32219.000
2015-08-20,28.549,29.875,27.735,27.947,16394.000
2015-08-21,26.019,27.947,25.896,27.947,14679.000
2015-08-24,23.419,25.259,23.419,25.259,9780.000
2015-08-25,22.507,25.277,21.247,22.995,28210.000
2015-08-26,23.225,24.756,22.181,22.889,19280.000
2015-08-27,25.287,25.471,23.632,23.989,12617.000
2015-08-28,27.240,27.321,24.764,25.294,22180.000
2015-08-31,26.355,27.236,26.179,27.063,8760.000
2015-09-01,24.537,26.317,23.883,26.108,11091.000
2015-09-02,23.136,25.390,22.330,23.632,12633.000
2015-09-07,23.663,25.114,23.278,23.525,10934.000
2015-09-08,24.933,24.933,22.928,23.278,9810.000
2015-09-09,26.090,26.455,24.764,25.043,21661.000
2015-09-10,25.368,26.179,25.298,25.475,8208.000
2015-09-11,25.775,26.196,25.252,25.383,9074.000
2015-09-14,24.551,27.049,23.348,26.019,22942.000
2015-09-15,24.091,25.963,23.278,23.819,15646.000
2015-09-16,26.327,26.501,23.897,23.897,15024.000
2015-09-17,26.536,27.788,25.754,26.175,21202.000
2015-09-18,26.532,27.947,26.355,26.883,13441.000
2015-09-21,28.655,29.133,25.864,26.320,27104.000
2015-09-22,27.848,29.727,27.551,28.301,15894.000
2015-09-23,28.559,28.768,27.236,27.781,9092.000
2015-09-24,28.347,28.832,27.947,28.312,5810.000
2015-09-25,27.006,28.666,26.709,28.372,8709.000
2015-09-28,27.671,28.301,26.179,27.180,11134.000
2015-09-29,26.922,27.523,26.738,27.240,7112.000
2015-09-30,26.550,27.148,26.536,26.886,6094.000
2015-10-08,29.207,29.207,29.207,29.207,2782.000
2015-10-09,31.202,32.129,31.114,31.980,44185.000
2015-10-12,31.485,33.643,31.103,31.839,35874.000
2015-10-13,31.312,31.581,30.070,30.990,21675.000
2015-10-14,30.314,31.485,30.070,31.482,30145.000
2015-10-15,32.755,33.254,30.095,30.095,34862.000
2015-10-16,32.617,33.590,31.627,33.095,27246.000
2015-10-19,33.608,33.767,31.917,32.599,35414.000
2015-10-20,34.227,35.829,33.919,33.919,24242.000
2015-10-21,32.246,35.323,31.945,34.138,29244.000
2015-10-22,34.634,35.005,32.299,32.299,24252.000
2015-10-23,34.393,35.093,33.466,34.775,24418.000
2015-10-26,33.749,34.315,32.882,34.138,19738.000
2015-10-27,33.717,33.919,32.196,33.424,26273.000
2015-10-28,32.203,33.997,32.196,33.717,19199.000
2015-10-29,32.532,33.183,32.200,32.281,13324.000
2015-10-30,34.421,35.267,31.489,32.511,34496.000
2015-11-02,34.022,35.518,33.395,34.103,32243.000
2015-11-03,32.652,34.273,32.263,33.898,18368.000
2015-11-04,33.891,34.404,32.706,32.907,28174.000
2015-11-05,32.904,34.379,32.476,33.611,17632.000
2015-11-06,34.273,34.984,32.373,32.373,33043.000
2015-11-09,37.701,37.701,33.912,33.923,54128.000
2015-11-10,37.499,39.731,36.784,37.641,36565.000
2015-11-11,38.207,38.896,36.933,37.853,31022.000
2015-11-12,36.544,38.383,35.730,37.853,43821.000
2015-11-13,33.608,36.555,33.601,35.847,38245.000
2015-11-16,33.961,34.471,32.210,32.228,33871.000
2015-11-17,33.537,34.598,33.410,34.386,27783.000
2015-11-18,32.691,33.502,31.920,33.448,23053.000
2015-11-19,33.601,33.601,32.398,32.504,22006.000
2015-11-20,33.604,34.842,33.077,33.827,34210.000
2015-11-23,34.336,36.714,33.990,35.376,40647.000
2015-11-24,36.137,37.075,34.492,34.492,42750.000
2015-11-25,39.753,39.753,35.415,35.748,51606.000
2015-11-26,39.049,41.638,37.856,41.638,52201.000
2015-11-27,37.570,39.975,36.307,38.666,29314.000
2015-11-30,38.896,39.409,36.438,38.419,45122.000
2015-12-01,40.959,42.788,38.896,39.268,74484.000
2015-12-02,36.866,40.619,36.866,40.329,57732.000
2015-12-03,38.065,38.192,35.907,36.792,48038.000
2015-12-04,40.188,40.683,37.457,37.853,54358.000
2015-12-07,43.085,44.206,40.014,40.789,78709.000
2015-12-08,41.992,42.841,41.040,42.240,47565.000
2015-12-09,43.177,44.291,41.249,41.603,48170.000
2015-12-10,41.673,42.813,41.249,42.735,29368.000
2015-12-11,41.249,42.098,40.931,41.780,23997.000
2015-12-14,41.072,41.603,38.560,41.037,35644.000
2015-12-15,40.082,41.037,39.268,41.037,34075.000
2015-12-16,41.992,42.084,39.791,40.117,41366.000
2015-12-17,41.567,42.275,40.860,41.744,51023.000
2015-12-18,41.514,42.275,40.506,41.571,42577.000
2015-12-21,39.975,41.599,39.579,41.344,39586.000
2015-12-22,40.188,40.365,39.261,39.975,26799.000
2015-12-23,36.363,40.258,36.190,39.975,56138.000
2015-12-24,36.792,37.103,35.412,36.261,27533.000
2015-12-25,36.438,37.478,36.165,36.930,25701.000
2015-12-28,34.379,36.958,33.930,36.703,46122.000
2015-12-29,34.842,35.235,34.103,34.138,21634.000
2015-12-30,35.277,35.730,34.669,35.023,21619.000
2015-12-31,33.954,35.766,33.820,35.405,20280.000
2016-01-04,30.601,34.397,30.558,34.174,24086.000
2016-01-05,29.918,31.414,28.301,28.411,32400.000
2016-01-06,31.237,31.581,30.477,30.601,34098.000
2016-01-07,28.138,30.424,28.114,30.424,7046.000
2016-01-08,29.345,29.879,26.897,29.087,25942.000
2016-01-11,26.412,29.345,26.412,28.666,27385.000
2016-01-12,27.594,28.584,26.249,26.419,30851.000
2016-01-13,26.136,28.213,26.108,27.587,20451.000
2016-01-14,27.930,28.482,24.367,24.764,44504.000
2016-01-15,27.070,27.809,26.554,27.417,22692.000
2016-01-18,27.912,28.238,26.214,26.355,18078.000
2016-01-19,28.655,28.867,27.434,27.817,21634.000
2016-01-20,29.235,29.575,28.209,28.655,23636.000
2016-01-21,27.735,29.716,27.735,28.832,21691.000
2016-01-22,28.513,28.598,27.243,28.298,17246.000
2016-01-25,28.850,29.281,28.478,28.867,16154.000
2016-01-26,25.966,28.878,25.966,28.549,21191.000
2016-01-27,25.538,26.490,24.052,25.828,18767.000
2016-01-28,25.365,26.525,25.117,25.121,22517.000
2016-01-29,26.851,27.169,24.820,25.365,22114.000
2016-02-01,26.975,27.233,26.182,26.536,12195.000
2016-02-02,27.972,28.726,26.727,26.996,21011.000
2016-06-21,29.095,30.770,28.708,30.770,132040.000
2016-06-22,27.750,28.708,26.795,28.708,67421.000
2016-06-23,27.402,28.495,27.285,27.611,32584.000
2016-06-24,27.675,28.048,26.621,27.285,28078.000
2016-06-27,28.995,29.293,27.224,27.327,38933.000
2016-06-28,30.202,30.401,28.623,28.747,52457.000
2016-06-29,29.865,30.408,29.538,30.167,39493.000
2016-06-30,30.976,31.331,29.982,29.982,50527.000
2016-07-01,30.067,31.231,30.053,30.837,36449.000
2016-07-04,29.812,30.042,29.386,29.833,33461.000
2016-07-05,29.208,29.986,28.992,29.829,38074.000
2016-07-06,29.585,29.947,29.034,29.034,25294.000
2016-07-07,28.786,29.812,28.463,29.812,33870.000
2016-07-08,28.949,29.237,28.410,28.779,24385.000
2016-07-11,28.772,29.684,28.623,29.102,27562.000
2016-07-12,28.506,28.953,27.579,28.924,31896.000
2016-07-13,30.060,30.450,28.236,28.527,58143.000
2016-07-14,29.900,30.401,29.595,29.851,36020.000
2016-07-15,28.924,29.350,28.605,29.315,39162.000
2016-07-18,28.499,28.999,28.218,28.729,21479.000
2016-07-19,28.917,29.024,28.488,28.569,18346.000
2016-07-20,30.106,30.692,29.208,29.208,67229.000
2016-07-21,29.514,30.294,29.457,29.812,38148.000
2016-07-22,27.956,28.857,27.601,28.750,65664.000
2016-07-25,27.324,27.824,26.692,27.718,33634.000
2016-07-26,27.902,27.995,27.118,27.161,17530.000
2016-07-27,25.943,27.895,25.500,27.895,33750.000
2016-07-28,25.837,26.522,25.553,25.943,16119.000
2016-07-29,25.485,25.982,25.198,25.922,16927.000
2016-08-01,24.896,25.368,23.803,25.368,18607.000
2016-08-02,24.772,25.074,24.339,24.871,19742.000
2016-08-03,24.879,24.967,24.566,24.694,12993.000
2016-08-04,25.375,25.546,24.772,24.772,16920.000
2016-08-05,24.900,25.766,24.900,25.407,15843.000
2016-08-08,25.045,25.162,24.194,24.840,11154.000
2016-08-09,25.638,25.695,24.953,25.045,13491.000
2016-08-10,25.571,26.028,25.553,25.642,17062.000
2016-08-11,25.485,25.872,25.287,25.659,12388.000
2016-08-12,25.656,25.713,25.340,25.375,9545.000
2016-08-15,27.079,27.214,25.695,25.908,29056.000
2016-08-16,26.777,27.242,26.671,26.976,17907.000
2016-08-17,26.901,27.217,26.671,26.671,14897.000
2016-08-18,26.681,27.114,26.266,26.930,15750.000
2016-08-19,26.692,26.866,26.444,26.621,11161.000
2016-08-22,26.880,27.679,26.582,26.692,24339.000
2016-08-23,26.618,27.022,26.476,26.713,13069.000
2016-08-24,27.679,27.817,26.554,26.554,36098.000
2016-08-25,28.357,28.790,27.228,27.679,42114.000
2016-08-26,27.885,28.924,27.686,28.215,28734.000
2016-08-29,27.192,27.885,26.795,27.860,23910.000
2016-08-30,27.342,27.679,26.852,27.043,26026.000
2016-08-31,26.884,27.114,26.547,26.969,23559.000
2016-09-01,26.845,27.448,26.671,26.671,20866.000
2016-09-02,26.124,27.097,26.092,26.788,17773.000
2016-09-05,26.146,26.369,25.936,26.241,11349.000
2016-09-06,26.334,26.394,25.808,26.007,15687.000
2016-09-07,26.050,26.429,26.050,26.323,17074.000
2016-09-08,26.085,26.192,25.911,25.996,9486.000
2016-09-09,25.375,26.227,25.375,26.227,18809.000
2016-09-12,24.942,25.258,24.683,25.006,20370.000
2016-09-13,24.485,25.155,24.279,24.889,24360.000
2016-09-14,24.541,24.992,24.133,24.304,16523.000
2016-09-19,24.800,25.155,24.566,24.566,10676.000
2016-09-20,24.751,24.843,24.488,24.843,9178.000
2016-09-21,24.751,24.875,24.659,24.676,7616.000
2016-09-22,24.776,25.021,24.488,24.843,9257.000
2016-09-23,24.999,25.368,24.818,24.950,14474.000
2016-09-26,25.624,26.227,25.418,25.553,35222.000
2016-09-27,25.517,25.823,25.148,25.375,17925.000
2016-09-28,25.663,25.744,25.127,25.517,13293.000
2016-09-29,26.167,26.426,25.698,25.702,28835.000
2016-09-30,26.632,26.777,26.018,26.227,20061.000
2016-10-10,27.803,27.966,27.150,27.200,32932.000
2016-10-11,27.540,28.318,27.434,27.860,25077.000
2016-10-12,27.487,27.842,27.327,27.498,17074.000
2016-10-13,26.845,27.207,26.539,27.207,27827.000
2016-10-14,26.941,27.136,26.724,26.848,15933.000
2016-10-17,26.415,27.594,25.918,26.972,21401.000
2016-10-18,27.292,27.920,26.259,26.618,21077.000
2016-10-19,26.838,27.434,26.816,27.363,15019.000
2016-10-20,27.242,27.505,26.689,26.870,20470.000
2016-10-21,27.271,27.771,27.019,27.235,20688.000
2016-10-24,27.398,27.665,27.263,27.501,16432.000
2016-10-25,27.100,27.537,26.994,27.416,16985.000
2016-10-26,26.649,27.164,26.444,27.114,13375.000
2016-11-03,27.636,28.648,27.569,28.392,71301.000
2016-11-04,28.034,28.672,27.597,27.604,47524.000
2016-11-07,27.650,28.037,27.256,28.037,29746.000
2016-11-08,27.562,27.888,27.466,27.753,16496.000
2016-11-09,28.005,28.605,27.540,27.661,38415.000
2016-11-10,29.102,29.599,28.019,28.019,56118.000
2016-11-11,29.219,30.124,28.861,28.861,44781.000
2016-11-14,29.148,29.432,28.928,29.201,28964.000
2016-11-15,28.747,29.088,28.396,29.088,28514.000
2016-11-16,29.173,29.847,28.818,28.818,34991.000
2016-11-17,28.286,29.173,28.261,29.173,30829.000
2016-11-18,28.658,28.914,28.215,28.357,41905.000
2016-11-21,29.634,29.634,28.413,28.623,43088.000
2016-11-22,30.511,30.763,29.645,29.741,73772.000
2016-11-23,29.762,30.379,29.737,30.238,42055.000
2016-11-24,29.528,30.344,29.215,29.645,30532.000
2016-11-25,29.102,29.599,28.605,29.386,31113.000
2016-11-28,28.981,29.414,28.960,29.272,20659.000
2016-11-29,28.680,29.208,28.502,28.907,22361.000
2016-11-30,28.452,28.928,28.321,28.640,21927.000
2016-12-01,28.158,28.495,27.973,28.328,23655.000
2016-12-02,27.576,28.286,27.526,28.137,22760.000
2016-12-05,27.707,27.995,27.288,27.327,14311.000
2016-12-06,27.594,28.176,27.579,27.700,14893.000
2016-12-07,27.594,27.665,27.224,27.615,26320.000
2016-12-08,28.034,28.924,27.537,27.569,50812.000
2016-12-09,28.108,28.520,27.895,27.995,22168.000
2016-12-12,26.479,28.037,26.468,28.037,35343.000
2016-12-13,26.901,27.043,26.362,26.440,18078.000
2016-12-14,26.994,27.377,26.653,26.823,21406.000
2016-12-15,27.235,27.569,26.894,26.901,19292.000
2016-12-16,27.601,27.995,27.473,27.842,21483.000
2016-12-19,27.526,27.643,27.256,27.420,11592.000
2016-12-20,26.901,27.654,26.678,27.526,16738.000
2016-12-21,26.870,27.118,26.632,26.972,16070.000
2016-12-22,26.586,26.919,26.373,26.728,15179.000
2016-12-23,25.730,26.738,25.560,26.738,21552.000
2016-12-26,25.517,25.517,24.701,25.485,23275.000
2016-12-27,25.599,25.855,25.258,25.446,12471.000
2016-12-28,25.052,25.872,24.843,25.872,27654.000
2016-12-29,24.836,25.074,24.737,25.021,17842.000
2016-12-30,24.545,24.950,24.346,24.950,19312.000
2017-01-03,24.698,24.815,24.311,24.311,16184.000
2017-01-04,25.354,25.375,24.595,24.683,22000.000
2017-01-05,25.145,25.358,25.070,25.358,16570.000
2017-01-06,24.935,25.475,24.754,25.258,15341.000
2017-01-09,24.790,25.017,24.651,24.843,12065.000
2017-01-10,25.131,25.425,24.669,24.733,17878.000
2017-01-11,24.343,25.113,24.343,24.996,18526.000
2017-01-12,24.144,24.630,24.098,24.446,16585.000
2017-01-13,23.956,24.236,23.601,23.991,18079.000
2017-01-16,22.103,23.697,21.560,23.246,49750.000
2017-01-17,22.210,22.447,21.553,22.004,28942.000
2017-01-18,21.610,22.114,21.528,22.000,28830.000
2017-01-19,21.496,21.649,20.797,21.542,36239.000
2017-01-20,21.993,22.249,21.188,21.298,21701.000
2017-01-23,22.362,22.494,21.862,21.968,18042.000
2017-01-24,21.830,22.288,21.514,22.288,19201.000
2017-01-25,22.096,22.401,21.940,21.965,20085.000
2017-01-26,22.714,22.806,22.039,22.085,19689.000
2017-02-03,21.720,22.536,21.642,22.518,29649.000
2017-02-06,22.380,22.419,21.720,21.731,22796.000
2017-02-07,22.316,22.465,22.068,22.465,12000.000
2017-02-08,22.355,22.465,21.784,22.323,13927.000
2017-02-09,22.536,22.710,22.227,22.227,20228.000
2017-02-10,22.430,22.753,22.252,22.636,14938.000
2017-02-13,22.731,22.770,22.259,22.270,18724.000
2017-02-14,22.909,22.994,22.579,22.643,15478.000
2017-02-15,22.536,23.044,22.394,22.955,18478.000
2017-02-16,22.586,22.703,22.320,22.550,13107.000
2017-02-17,22.199,22.579,22.025,22.529,13402.000
2017-02-20,22.476,22.501,22.054,22.174,13210.000
2017-02-21,23.388,23.633,22.394,22.394,37337.000
2017-02-22,23.193,23.317,22.891,23.168,28859.000
2017-02-23,23.686,24.094,23.157,23.175,32065.000
2017-02-24,24.367,24.985,23.555,23.555,61849.000
2017-02-27,24.517,24.864,24.208,24.453,27891.000
2017-02-28,24.719,24.783,24.137,24.449,25547.000
2017-03-01,24.719,25.375,24.627,25.091,30721.000
2017-03-02,24.371,24.694,24.282,24.630,20203.000
2017-03-03,24.840,25.074,24.204,24.442,24137.000
2017-03-06,24.971,25.230,24.666,24.843,23273.000
2017-03-07,24.772,25.141,24.520,25.074,15504.000
2017-03-08,24.733,25.074,24.556,24.765,11576.000
2017-03-09,24.595,25.021,24.389,24.790,15602.000
2017-03-10,24.967,25.216,24.488,24.559,22148.000
2017-03-13,24.957,25.081,24.517,24.953,26950.000
2017-03-14,25.393,25.730,24.935,25.021,42401.000
2017-03-15,24.996,25.908,24.754,25.705,84011.000
2017-03-16,25.067,25.340,24.840,24.843,41710.000
2017-03-17,24.705,25.194,24.662,25.127,28999.000
2017-03-20,24.708,24.797,24.289,24.701,25985.000
2017-03-21,24.832,24.935,24.580,24.698,18663.000
2017-03-22,24.772,24.950,24.375,24.729,20443.000
2017-03-23,24.861,25.368,24.733,24.772,30198.000
2017-03-24,24.712,25.045,24.559,25.042,17213.000
2017-03-27,24.407,24.825,24.382,24.776,14129.000
2017-03-28,24.116,24.588,24.052,24.488,17850.000
2017-03-29,23.633,24.236,23.388,24.204,27310.000
2017-03-30,22.820,23.583,22.536,23.487,26499.000
2017-03-31,23.132,24.005,22.820,24.005,61109.000
2017-04-05,23.714,23.835,23.140,23.484,34296.000
2017-04-06,23.885,24.123,23.601,23.714,25673.000
2017-04-07,24.449,24.832,23.828,23.832,47779.000
2017-04-10,23.665,24.453,23.512,24.449,34407.000
2017-04-11,24.133,24.204,23.601,23.778,27294.000
2017-04-12,23.867,24.446,23.743,24.140,18724.000
2017-04-13,24.027,24.336,23.736,23.778,14889.000
2017-04-14,24.226,24.478,23.864,23.864,19424.000
2017-04-17,23.324,24.133,23.161,23.952,23707.000
2017-04-18,23.147,23.427,23.072,23.175,15956.000
2017-04-19,23.100,23.157,22.398,23.005,22583.000
2017-04-20,22.888,23.097,22.678,22.728,18635.000
2017-04-21,23.626,23.856,23.069,23.069,25809.000
2017-04-24,24.130,24.659,24.009,24.332,44104.000
2017-04-25,24.449,24.698,24.197,24.197,34345.000
2017-04-26,24.417,24.729,24.257,24.612,40715.000
2017-04-27,24.800,24.950,24.094,24.446,55893.000
2017-04-28,25.006,25.358,24.701,24.800,58125.000
2017-05-02,25.010,25.173,24.545,24.729,31289.000
2017-05-03,24.169,25.010,23.991,24.999,43791.000
2017-05-04,24.016,24.364,23.942,24.201,25795.000
2017-05-05,24.328,24.680,23.885,23.991,35808.000
2017-05-08,24.034,25.084,24.027,24.343,47969.000
2017-05-09,23.793,24.045,23.186,24.045,38274.000
2017-05-10,23.530,24.357,23.423,23.835,37987.000
2017-05-11,22.930,23.487,22.217,23.423,51692.000
2017-05-12,21.800,23.270,21.510,22.800,141710.000
2017-05-15,22.120,22.420,21.600,21.600,85505.000
2017-05-16,22.830,22.980,21.680,22.000,96884.000
2017-05-17,23.250,23.930,22.680,22.810,153643.000
2017-05-18,22.970,23.580,22.890,23.000,86097.000
2017-05-19,22.990,23.590,22.910,23.200,73323.000
2017-05-22,22.090,23.240,22.050,22.860,85752.000
2017-05-23,20.850,22.280,20.790,22.130,121694.000
2017-05-24,21.220,21.300,20.550,20.730,63370.000
2017-05-25,21.300,21.490,20.650,21.150,91078.000
2017-05-26,20.900,21.320,20.890,21.040,72327.000
2017-05-31,20.700,21.230,20.700,21.100,99478.000
2017-06-01,18.630,20.400,18.630,20.400,188282.000
2017-06-02,19.130,19.260,18.110,18.480,108803.000
2017-06-05,19.320,19.490,19.000,19.170,79755.000
2017-06-06,19.590,19.750,19.180,19.200,73244.000
2017-06-07,21.000,21.250,19.520,19.600,157991.000
2017-06-08,20.820,21.330,20.730,20.940,112696.000
2017-06-09,21.180,21.390,20.750,20.820,107816.000
2017-06-12,21.160,21.460,20.830,20.930,85081.000
2017-06-13,20.990,21.140,20.330,20.930,122886.000
2017-06-14,20.440,20.880,20.340,20.880,98756.000
2017-06-15,21.400,21.790,20.330,20.360,159631.000
2017-06-16,21.450,21.770,21.300,21.390,97783.000
2017-06-19,21.690,21.920,21.200,21.350,114862.000
2017-06-20,21.420,21.790,21.260,21.670,94560.000
2017-06-21,21.270,21.580,21.120,21.520,60924.000
2017-06-22,21.180,21.810,21.150,21.200,89265.000
2017-06-23,21.050,21.380,20.700,21.010,74101.000
2017-06-26,21.850,21.850,20.950,21.050,86729.000
2017-06-27,21.950,22.380,21.780,21.850,98460.000
2017-06-28,21.510,21.970,21.410,21.960,69211.000
2017-06-29,21.650,21.850,21.520,21.550,48891.000
2017-06-30,21.500,21.660,21.300,21.650,50187.000
2017-07-03,21.940,21.960,21.400,21.520,61395.000
2017-07-04,21.660,22.090,21.530,21.970,55622.000
2017-07-05,21.600,21.630,21.150,21.520,82700.000
2017-07-06,21.260,21.600,21.160,21.500,62529.000
2017-07-07,21.470,21.690,21.260,21.260,56918.000
2017-07-10,21.220,21.740,21.210,21.400,64032.000
2017-07-11,20.490,21.350,20.420,21.160,77503.000
2017-07-12,20.720,20.830,20.030,20.460,85463.000
2017-07-13,20.200,20.530,20.010,20.500,66541.000
2017-07-14,20.270,20.570,20.110,20.110,47919.000
2017-07-17,19.020,20.190,18.510,20.190,102203.000
2017-07-18,19.240,19.460,18.700,19.020,47791.000
2017-07-19,19.490,19.560,19.080,19.310,49149.000
2017-07-20,19.530,19.860,19.390,19.460,50372.000
2017-07-21,19.490,19.840,19.410,19.420,43880.000
2017-07-24,19.730,19.830,19.360,19.370,49676.000
2017-07-25,20.330,20.450,19.650,19.730,85919.000
2017-07-26,20.700,21.170,20.450,20.450,105192.000
2017-07-27,21.400,21.730,20.310,20.700,162669.000
2017-07-28,21.120,21.600,21.000,21.600,106660.000
2017-07-31,21.640,21.690,21.010,21.100,109094.000
2017-08-01,21.250,21.680,21.080,21.480,90527.000
2017-08-02,21.330,21.690,21.200,21.250,103053.000
2017-08-03,21.980,22.090,21.120,21.390,135055.000
2017-08-04,21.080,22.090,21.030,21.900,140159.000
2017-08-07,20.750,21.060,20.550,21.050,104160.000
2017-08-08,21.010,21.070,20.500,20.770,72627.000
2017-08-09,21.180,21.430,20.660,21.000,83166.000
2017-08-10,20.660,21.360,20.610,21.090,71984.000
2017-08-11,21.500,22.200,20.310,20.650,188940.000
2017-08-14,22.030,22.350,21.500,21.620,150102.000
2017-08-15,22.040,22.160,21.710,21.980,90090.000
2017-08-16,22.080,22.540,21.720,21.950,140785.000
2017-08-17,21.180,22.030,20.500,22.010,274122.000
2017-08-18,20.540,20.890,20.490,20.880,121221.000
2017-08-21,20.690,20.830,20.500,20.510,67047.000
2017-08-22,20.710,20.870,20.550,20.630,66786.000
2017-08-23,19.920,20.820,19.820,20.720,137309.000
2017-08-24,19.900,20.030,19.610,19.920,70439.000
2017-08-25,20.340,20.460,19.830,19.900,79233.000
2017-08-28,20.480,20.700,20.320,20.500,77694.000
2017-08-29,20.990,21.080,20.450,20.500,100877.000
2017-08-30,20.960,21.690,20.930,21.410,142762.000
2017-08-31,21.180,21.370,20.560,20.930,107617.000
2017-09-01,21.010,21.240,20.730,21.200,115021.000
2017-09-04,20.870,21.000,20.650,20.990,96977.000
2017-09-05,21.140,21.390,20.680,20.810,131390.000
2017-09-06,21.010,21.050,20.720,21.000,102901.000
2017-09-07,21.230,21.620,20.860,21.000,143902.000
2017-09-08,21.730,22.080,21.360,21.480,172078.070
2017-09-11,21.600,21.680,21.310,21.680,105670.810
2017-09-12,21.080,21.620,21.020,21.610,109950.410
2017-09-13,21.150,21.300,20.800,20.990,76639.940
2017-09-14,20.830,21.170,20.830,21.000,68252.300
2017-09-15,20.670,20.960,20.460,20.790,77623.070
2017-09-18,21.090,21.180,20.630,20.670,73709.560
2017-09-19,20.880,21.160,20.820,21.060,57035.610
2017-09-20,20.700,20.850,20.540,20.720,66141.230
2017-09-21,20.350,20.820,20.350,20.690,73807.660
2017-09-22,20.420,20.420,20.020,20.280,73850.700
2017-09-25,20.030,20.350,19.990,20.260,51146.760
2017-09-26,20.030,20.110,19.870,19.960,39133.520
2017-09-27,20.360,20.440,20.030,20.180,44260.660
2017-09-28,20.000,20.390,20.000,20.250,50780.470
2017-09-29,20.080,20.250,20.010,20.060,40003.560
2017-10-09,20.680,20.770,20.310,20.320,104716.770
2017-10-10,20.940,20.950,20.500,20.750,94230.560
2017-10-11,21.040,21.380,20.870,20.950,111840.730
2017-10-12,21.200,21.350,20.870,21.000,86464.960
2017-10-13,21.290,21.460,21.150,21.210,83271.910
2017-10-16,20.880,21.750,20.850,21.120,104195.850
2017-10-17,21.560,21.650,20.730,20.850,125109.720
2017-10-18,21.280,21.540,20.920,21.400,103336.890
2017-10-19,21.600,21.670,21.060,21.180,134933.410
2017-10-20,21.930,22.350,21.430,21.500,233779.430
2017-10-23,21.850,22.150,21.610,21.810,123792.310
2017-10-24,21.990,22.150,21.360,21.840,118369.230
2017-10-25,21.850,22.080,21.660,21.940,85171.140
2017-10-26,21.010,21.490,20.810,21.490,264939.040
2017-10-27,21.260,21.280,20.760,20.810,133275.410
2017-10-30,20.830,21.440,20.600,21.100,122773.790
2017-10-31,20.850,20.940,20.410,20.700,78605.540
2017-11-01,20.730,20.930,20.560,20.810,102655.540
2017-11-02,21.140,21.400,20.450,20.620,192866.790
2017-11-03,20.800,21.200,20.540,21.050,102211.100
2017-11-06,20.750,20.900,20.310,20.770,102860.600
2017-11-07,20.750,20.890,20.510,20.710,97116.670
2017-11-08,20.480,20.720,20.460,20.720,117801.760
2017-11-09,20.130,20.400,20.060,20.400,145140.450
2017-11-10,20.180,20.360,20.110,20.140,93399.860
2017-11-13,20.030,20.390,19.980,20.250,96945.680
2017-11-14,19.250,19.950,18.950,19.950,194965.720
2017-11-15,19.290,19.340,19.030,19.050,67004.920
2017-11-16,19.160,19.370,19.160,19.320,50758.500
2017-11-17,18.320,19.180,18.260,19.120,104555.550
2017-11-20,18.320,18.320,17.510,18.220,122885.010
2017-11-21,18.580,18.590,17.990,18.070,121226.650
2017-11-22,18.850,18.850,18.360,18.550,75346.380
2017-11-23,18.790,18.950,18.340,18.800,86477.520
2017-11-24,18.850,18.850,18.640,18.640,49335.050
2017-11-27,18.960,18.960,18.590,18.860,65610.750
2017-11-28,18.900,18.930,18.680,18.870,61487.120
2017-11-29,18.840,18.850,18.350,18.810,71370.680
2017-11-30,18.750,18.800,18.520,18.650,57375.420
2017-12-01,19.160,19.200,18.490,18.600,124123.730
2017-12-04,19.110,19.360,18.930,19.000,113473.700
2017-12-05,18.620,19.090,18.350,19.000,82701.730
2017-12-06,18.660,18.730,18.420,18.450,42006.050
2017-12-07,18.700,18.920,18.610,18.610,75027.910
2017-12-08,19.160,19.390,18.890,19.010,149444.860
2017-12-11,19.290,19.410,19.120,19.210,89302.150
2017-12-12,18.810,19.250,18.810,19.230,68636.670
2017-12-13,18.820,18.850,18.530,18.700,57049.400
2017-12-14,18.500,18.780,18.260,18.670,82875.490
2017-12-15,18.380,18.470,18.050,18.370,59652.230
2017-12-18,18.380,18.440,18.090,18.410,52218.440
2017-12-19,18.430,18.440,18.160,18.250,51364.930
2017-12-20,17.980,18.410,17.900,18.370,61323.400
2017-12-21,17.740,17.940,17.620,17.890,50844.710
2017-12-22,17.480,17.840,17.480,17.730,60872.000
2017-12-25,17.000,17.490,16.850,17.480,88079.000
2017-12-26,17.050,17.100,16.890,17.030,61501.000
2017-12-27,16.950,17.090,16.760,17.050,65525.000
2017-12-28,17.130,17.340,16.820,16.850,84805.000
2017-12-29,17.100,17.130,16.800,16.990,69319.000
2018-01-02,17.160,17.250,16.960,17.040,58236.400
2018-01-03,17.460,17.490,17.120,17.150,90288.450
2018-01-04,17.490,17.740,17.370,17.500,70413.470
2018-01-05,17.490,17.620,17.360,17.390,54175.940
2018-01-08,17.390,17.500,17.200,17.480,57124.540
2018-01-09,17.450,17.680,17.240,17.320,72581.430
2018-01-10,17.160,17.440,17.050,17.350,77188.580
2018-01-11,17.760,17.860,16.860,17.080,125160.510
2018-01-12,17.840,18.880,17.710,17.790,142944.580
2018-01-15,17.670,17.960,17.400,17.960,94523.930
2018-01-16,17.670,17.890,17.440,17.590,108209.130
2018-01-17,17.260,17.460,16.900,17.450,90931.140
2018-01-18,17.100,17.360,17.080,17.170,59111.100
2018-01-19,17.100,17.260,16.930,17.090,73478.450
2018-01-22,17.440,17.560,16.920,17.000,101886.980
2018-01-23,17.310,17.620,17.230,17.480,54184.970
2018-01-24,18.080,18.130,17.140,17.280,196167.690
2018-01-25,17.880,18.560,17.800,18.000,205236.700
2018-01-26,18.070,18.180,17.730,17.770,78284.740
2018-01-29,17.640,18.140,17.600,17.970,87485.960
2018-01-30,18.000,18.080,17.620,17.640,86230.590
2018-01-31,17.250,17.860,17.120,17.860,121127.560
2018-02-01,16.400,17.340,16.340,17.120,115826.390
2018-02-02,16.350,16.740,16.180,16.480,85168.530
2018-02-05,16.330,16.580,16.000,16.150,67670.360
2018-02-06,15.000,16.090,14.980,16.000,110524.770
2018-02-07,15.270,15.550,14.810,15.420,93209.790
2018-02-08,15.500,15.660,15.270,15.270,82380.990
2018-02-09,15.050,15.180,14.430,15.000,113670.740
2018-02-12,15.230,15.350,14.910,15.090,96634.420
2018-02-13,15.100,15.470,15.020,15.240,73590.540
2018-02-14,15.150,15.150,14.830,15.100,56206.630
2018-02-22,15.300,15.350,15.130,15.250,60790.300
2018-02-23,15.170,15.300,15.100,15.300,53058.960
2018-02-26,16.040,16.090,15.320,15.500,145828.950
2018-02-27,16.050,16.230,15.980,16.140,119636.050
2018-02-28,17.050,17.660,16.070,16.190,264542.750
2018-03-01,17.120,17.250,16.660,16.920,157981.510
2018-03-02,16.950,17.440,16.850,16.910,125613.230
2018-03-05,17.060,17.180,16.720,17.050,89989.020
2018-03-06,17.080,17.530,16.840,17.340,185385.820
2018-03-07,16.580,16.860,16.570,16.850,131078.000
2018-03-08,16.750,16.810,16.510,16.510,94569.000
2018-03-09,17.860,18.260,17.210,17.440,335450.000
2018-03-12,19.030,19.130,17.860,18.250,399801.000
2018-03-13,18.790,19.080,18.560,19.000,285918.380
2018-03-14,18.370,18.710,18.250,18.650,188403.790
2018-03-15,18.500,18.770,17.770,18.590,216866.410
2018-03-16,18.780,19.470,18.310,18.420,366280.000
2018-03-19,18.380,18.660,18.120,18.530,184489.000
2018-03-20,17.760,18.160,17.440,18.100,210535.000
2018-03-21,17.400,18.120,17.350,17.740,172658.000
2018-03-22,17.500,17.950,17.300,17.300,135169.000
2018-03-23,15.950,16.940,15.750,16.800,241713.000
2018-03-26,16.260,16.280,15.420,15.760,139181.000
2018-03-27,16.750,16.850,16.400,16.480,155840.000
2018-03-28,16.480,16.920,16.370,16.450,118163.660
2018-03-29,16.600,16.800,16.430,16.500,107531.850
2018-03-30,17.100,17.100,16.610,16.690,161101.640
2018-04-02,16.870,17.340,16.800,17.290,147374.420
2018-04-03,16.250,16.510,15.980,16.410,164543.000
2018-04-04,16.070,16.370,16.020,16.260,86079.660
2018-04-09,15.860,16.190,15.800,16.050,110672.250
2018-04-10,16.130,16.150,15.190,15.740,183036.990
2018-04-11,16.010,16.260,15.960,16.010,114070.000
2018-04-12,15.760,16.050,15.730,15.980,76184.000
2018-04-13,15.920,16.170,15.820,15.850,69525.070
2018-04-16,15.500,16.020,15.380,15.950,83409.190
2018-04-17,14.970,15.650,14.960,15.580,107703.810
2018-04-18,15.310,15.340,14.480,15.100,145146.650
2018-04-19,15.290,15.570,15.050,15.190,106957.590
2018-04-20,14.990,15.500,14.940,15.100,85682.850
2018-04-23,14.700,15.120,14.550,15.000,91698.000
2018-04-24,15.050,15.190,14.690,14.750,111162.000
2018-04-25,14.950,15.170,14.840,14.950,86232.770
2018-04-26,14.510,15.030,14.130,15.000,148677.490
2018-04-27,14.490,14.590,14.240,14.440,102029.400
2018-05-02,13.040,13.970,13.040,13.870,239713.660
2018-05-03,13.260,13.320,12.820,13.000,126434.810
2018-05-04,13.350,13.490,13.160,13.160,105133.180
2018-05-07,13.140,13.490,13.100,13.300,169752.360
2018-05-08,13.590,13.660,13.140,13.190,186703.560
2018-05-09,13.270,13.630,13.160,13.500,129919.280
2018-05-10,13.200,13.380,13.040,13.270,102214.000
2018-05-25,11.880,12.340,11.880,12.010,148851.000
2018-05-28,10.980,11.440,10.690,11.300,403796.440
2018-05-29,10.660,10.850,10.550,10.710,190402.330
2018-05-30,10.300,10.770,10.200,10.400,159975.200
2018-05-31,10.430,10.680,10.300,10.490,146777.620
2018-06-01,10.300,10.560,10.210,10.310,130395.410
2018-06-04,10.450,10.550,10.180,10.350,120360.810
2018-06-05,10.550,10.570,10.370,10.500,102045.600
2018-06-06,10.630,10.760,10.530,10.590,126419.120
2018-06-07,10.450,10.650,10.430,10.650,85963.090
2018-06-08,10.220,10.440,10.070,10.360,109872.510
2018-06-11,10.230,10.420,10.150,10.150,86015.600
2018-06-12,10.360,10.380,10.150,10.280,76569.580
2018-06-13,9.980,10.330,9.950,10.330,105799.130
2018-06-14,10.140,10.270,9.880,9.940,104862.160
2018-06-15,9.800,10.190,9.730,10.130,105409.130
2018-06-19,8.820,9.680,8.820,9.650,155433.720
2018-06-20,8.910,9.020,8.630,8.700,108109.130
2018-06-21,8.660,8.940,8.660,8.900,97832.000
2018-06-22,9.340,9.530,8.560,8.610,281657.000
2018-06-25,9.030,9.310,9.020,9.300,160016.500
2018-06-26,9.300,9.450,8.820,8.900,168233.110
2018-06-27,8.830,9.040,8.730,8.960,195596.710
2018-06-28,8.780,8.980,8.760,8.830,98312.600
2018-06-29,9.260,9.350,8.640,8.820,183048.390
2018-07-02,9.070,9.270,8.940,9.270,109928.930
2018-07-03,9.290,9.320,8.950,9.050,139894.990
2018-07-04,8.950,9.240,8.900,9.200,115409.500
2018-07-05,8.620,9.020,8.600,8.900,113722.420
2018-07-06,8.820,8.950,8.450,8.620,132081.890
2018-07-09,9.000,9.050,8.770,8.800,98957.000
2018-07-10,8.940,9.010,8.830,8.940,98841.000
2018-07-11,8.240,8.820,8.090,8.810,223512.430
2018-07-12,8.500,8.610,8.220,8.250,160179.650
2018-07-13,9.250,9.350,8.510,8.590,374073.090
2018-07-16,8.340,8.750,8.330,8.730,409089.660
2018-07-17,8.460,8.500,8.260,8.390,183653.470
2018-07-18,8.270,8.510,8.250,8.440,163811.000
2018-07-19,8.050,8.300,7.980,8.250,165940.000
2018-07-20,8.120,8.170,7.900,8.020,123921.370
2018-07-23,8.220,8.220,8.020,8.080,105762.800
2018-07-24,8.390,8.450,8.130,8.160,161712.770
2018-07-25,8.840,8.890,8.380,8.390,365088.220
2018-07-26,8.710,8.900,8.560,8.900,261914.590
2018-07-27,8.450,8.680,8.440,8.650,155000.650
2018-07-30,8.200,8.460,8.160,8.340,121679.910
2018-07-31,8.230,8.310,8.180,8.190,79128.340
2018-08-01,8.040,8.280,8.030,8.200,104583.510
2018-08-02,7.620,8.050,7.420,8.010,158368.140
2018-08-03,7.540,7.680,7.520,7.620,76085.190
2018-08-06,7.460,7.570,7.370,7.470,111025.740
2018-08-07,7.690,7.690,7.380,7.480,122575.280
2018-08-08,7.530,7.750,7.510,7.620,100536.990
2018-08-09,7.700,7.800,7.480,7.500,105046.470
2018-08-10,7.740,7.760,7.650,7.710,85907.710
2018-08-13,7.820,7.950,7.560,7.580,101904.800
2018-08-14,7.750,7.810,7.700,7.770,59190.990
2018-08-15,7.520,7.760,7.520,7.730,66105.460
2018-08-16,7.410,7.520,7.320,7.410,66711.910
2018-08-17,7.390,7.540,7.310,7.460,73394.820
2018-08-20,7.410,7.440,7.200,7.320,68353.320
2018-08-21,7.440,7.460,7.330,7.410,64458.780
2018-08-22,7.280,7.420,7.250,7.420,63151.350
2018-08-23,7.300,7.360,7.260,7.270,48563.630
2018-08-24,7.340,7.400,7.250,7.290,65931.350
2018-08-27,7.490,7.520,7.330,7.370,76019.280
2018-08-28,7.460,7.550,7.420,7.480,82174.000
2018-08-29,7.490,7.620,7.410,7.410,103005.000
2018-08-30,7.200,7.490,7.190,7.450,128077.900
2018-08-31,6.870,7.100,6.840,7.100,141421.490
2018-09-03,6.790,6.830,6.640,6.820,100774.000
2018-09-04,6.990,7.050,6.740,6.740,108105.000
2018-09-05,6.980,7.150,6.930,6.970,123357.000
2018-09-06,6.980,7.090,6.890,6.930,86528.000
2018-09-07,6.970,7.110,6.900,6.980,85245.000
2018-09-10,6.720,6.930,6.690,6.930,87416.000
2018-09-11,6.810,6.880,6.680,6.710,98508.520
2018-09-12,7.080,7.450,6.780,6.800,247523.260
2018-09-13,6.950,6.960,6.750,6.880,222633.050
2018-09-14,6.700,6.950,6.700,6.920,143894.240
2018-09-17,6.280,6.670,6.180,6.670,214058.950
2018-09-18,6.460,6.460,6.250,6.270,124332.000
2018-09-19,6.510,6.600,6.400,6.440,136962.990
2018-09-20,6.560,6.780,6.500,6.500,159887.600
2018-09-21,6.680,6.740,6.550,6.550,131151.160
2018-09-25,6.540,6.600,6.400,6.490,116741.360
2018-09-26,6.680,7.080,6.540,6.570,201650.030
2018-09-27,6.550,6.840,6.510,6.790,164121.580
2018-09-28,6.480,6.540,6.400,6.520,134744.370
2018-10-08,6.100,6.260,6.100,6.200,144542.010
2018-10-09,6.150,6.230,6.070,6.160,94063.000
2018-10-10,6.080,6.180,5.980,6.170,99691.000
2018-10-11,5.470,5.890,5.470,5.870,177792.000
2018-10-12,5.310,5.420,5.100,5.330,161047.000
2018-10-15,5.210,5.440,5.180,5.340,96017.250
2018-10-16,5.110,5.340,5.090,5.150,116118.000
2018-10-17,5.170,5.240,4.990,5.200,122644.000
2018-10-18,4.940,5.150,4.880,5.150,115271.060
2018-10-19,5.030,5.050,4.790,4.800,158879.000
2018-10-22,5.330,5.420,5.030,5.060,206329.000
2018-10-23,5.250,5.430,5.180,5.310,170217.000
2018-10-24,5.240,5.360,5.190,5.220,103443.800
2018-10-25,5.190,5.210,4.960,5.020,141473.040
2018-10-26,5.290,5.400,5.210,5.220,147549.500
2018-10-29,5.100,5.270,5.100,5.150,114667.030
2018-10-30,5.280,5.280,5.090,5.100,133434.000
2018-10-31,5.330,5.460,5.260,5.310,141520.000
2018-11-01,5.380,5.610,5.340,5.350,203149.000
2018-11-02,5.550,5.570,5.380,5.430,200528.000
2018-11-05,5.680,5.790,5.540,5.640,278918.000
2018-11-06,5.950,6.090,5.470,5.650,390922.000
2018-11-07,5.760,5.910,5.730,5.860,258169.000
2018-11-08,5.710,5.820,5.660,5.780,184229.000
2018-11-09,5.680,5.760,5.620,5.670,106417.000
2018-11-12,6.070,6.150,5.690,5.690,343966.390
2018-11-13,6.390,6.500,5.920,5.950,448611.110
2018-11-14,6.410,6.620,6.280,6.310,383274.910
2018-11-15,7.050,7.050,6.380,6.380,545858.000
2018-11-16,6.890,7.240,6.600,6.870,644955.000
2018-11-19,6.810,7.030,6.720,6.880,329395.000
2018-11-20,6.520,6.750,6.460,6.690,287558.950
2018-11-21,6.640,6.650,6.370,6.370,217454.150
2018-11-22,6.560,6.610,6.310,6.500,308609.620
2018-11-23,6.060,6.480,5.960,6.440,322675.000
2018-11-26,6.010,6.110,5.910,6.030,160640.000
2018-11-27,6.090,6.150,5.990,6.070,172422.780
2018-11-28,6.400,6.430,6.110,6.110,373392.480
2018-11-29,6.070,6.430,6.050,6.350,271422.190
2018-11-30,6.040,6.100,5.810,6.000,172316.250
2018-12-03,6.330,6.460,6.160,6.170,294185.960
2018-12-04,6.410,6.460,6.280,6.350,250565.520
2018-12-05,6.280,6.420,6.210,6.250,184797.850
2018-12-06,6.140,6.360,6.110,6.260,164899.210
2018-12-07,6.160,6.210,6.100,6.140,115056.000
2018-12-10,5.990,6.070,5.860,6.000,177180.000
2018-12-11,5.970,6.030,5.920,6.000,128156.000
2018-12-12,5.880,6.030,5.860,5.990,145847.360
2018-12-13,5.940,6.010,5.850,5.890,126297.360
2018-12-14,5.620,5.970,5.610,5.940,204743.660
2018-12-17,5.670,5.700,5.540,5.630,92891.000
2018-12-18,5.690,5.720,5.540,5.620,92818.000
2018-12-19,5.560,5.680,5.530,5.650,113328.000
2018-12-20,5.570,5.620,5.470,5.500,115621.000
2018-12-21,5.690,5.790,5.520,5.550,216461.000
2018-12-24,5.590,5.660,5.500,5.630,145455.000
2018-12-25,5.300,5.520,5.100,5.510,202582.000
2018-12-26,5.250,5.370,5.220,5.270,129542.000
2018-12-27,5.110,5.380,5.110,5.370,154067.000
2018-12-28,5.240,5.290,5.120,5.150,125743.000
2019-01-02,5.270,5.340,5.200,5.270,102392.970
2019-01-03,5.190,5.320,5.180,5.290,95572.540
2019-01-04,5.370,5.390,5.060,5.120,181889.290
2019-01-07,5.470,5.490,5.360,5.390,135486.350
2019-01-08,5.510,5.630,5.420,5.470,175793.990
2019-01-09,5.480,5.590,5.440,5.490,175012.660
2019-01-10,5.460,5.570,5.430,5.470,124222.800
2019-01-11,5.550,5.560,5.450,5.460,114120.120
2019-01-14,5.480,5.570,5.440,5.560,98085.880
2019-01-15,5.560,5.560,5.440,5.470,104141.650
2019-01-16,5.520,5.610,5.490,5.520,105732.420
2019-01-17,5.420,5.520,5.380,5.520,123917.880
2019-01-18,5.400,5.460,5.320,5.430,103449.000
2019-01-21,5.460,5.520,5.390,5.400,103651.000
2019-01-22,5.350,5.550,5.310,5.460,112813.000
2019-01-23,5.280,5.350,5.220,5.320,82903.350
2019-01-24,5.280,5.340,5.140,5.270,103786.940
2019-01-25,5.170,5.300,5.140,5.300,102553.380
2019-01-28,5.020,5.210,5.020,5.210,136723.000
2019-01-29,4.790,4.990,4.650,4.980,187182.000
2019-01-30,4.730,4.860,4.700,4.710,108379.000
2019-01-31,4.260,4.260,4.260,4.260,21454.000
2019-02-01,3.970,4.050,3.830,3.830,579840.000
2019-02-11,4.110,4.120,3.850,3.950,454428.000
2019-02-12,4.270,4.420,4.060,4.080,431821.000
2019-02-13,4.380,4.480,4.220,4.260,344014.850
2019-02-14,4.400,4.460,4.320,4.360,227788.180
2019-02-15,4.530,4.750,4.340,4.390,494725.270
2019-02-18,4.670,4.690,4.470,4.530,409982.000
2019-02-19,4.930,4.940,4.610,4.660,436490.000
2019-02-20,4.850,4.900,4.750,4.900,316375.000
2019-02-21,4.740,4.880,4.670,4.780,314490.000
2019-02-22,4.900,4.950,4.670,4.700,310370.000
2019-02-25,5.240,5.260,4.930,4.930,467778.000
2019-02-26,5.290,5.500,5.130,5.220,482599.430
2019-02-27,5.680,5.800,5.300,5.350,719397.000
2019-02-28,5.550,5.660,5.210,5.500,666947.000
2019-03-01,5.430,5.630,5.300,5.550,581401.170
2019-03-04,5.440,5.810,5.340,5.500,846794.710
2019-03-05,5.730,5.770,5.340,5.370,782886.120
2019-03-06,5.950,6.050,5.620,5.640,708572.170
2019-03-07,6.260,6.550,5.780,5.910,898864.830
2019-03-08,5.940,6.510,5.930,6.020,664294.930
2019-03-11,6.140,6.150,5.730,5.930,536881.790
2019-03-12,6.290,6.450,6.050,6.160,742397.100
2019-03-13,5.900,6.220,5.810,6.210,487237.820
2019-03-14,5.610,5.900,5.440,5.810,433433.600
2019-03-15,5.790,5.890,5.670,5.740,344032.660
2019-03-18,5.880,5.880,5.670,5.770,226878.000
2019-03-19,5.900,6.190,5.840,5.870,435884.000
2019-03-20,6.000,6.130,5.820,5.860,350645.000
2019-03-21,6.310,6.530,5.890,6.000,764502.000
2019-03-22,6.130,6.260,5.950,6.220,538382.750
2019-03-25,5.950,6.120,5.860,5.980,320073.800
2019-03-26,5.610,6.060,5.580,5.910,313449.650
2019-03-27,5.680,5.690,5.450,5.610,229975.920
2019-03-28,5.490,5.770,5.480,5.610,237049.000
2019-03-29,5.650,5.650,5.410,5.460,258718.000
2019-04-01,5.880,5.940,5.710,5.710,269655.950
2019-04-02,5.940,6.060,5.870,5.930,300599.550
2019-04-03,6.250,6.530,5.850,5.880,697979.060
2019-04-04,6.070,6.260,5.970,6.200,547611.000
2019-04-08,5.810,6.060,5.700,6.020,413697.000
2019-04-09,5.860,5.910,5.720,5.790,240669.000
2019-04-10,6.000,6.140,5.650,5.850,388515.000
2019-04-11,5.950,6.150,5.850,5.950,286249.000
2019-04-12,5.760,5.990,5.650,5.950,262548.240
2019-04-15,5.650,5.880,5.630,5.790,184970.190
2019-04-16,5.770,5.770,5.470,5.560,231279.000
2019-04-17,5.980,6.070,5.680,5.750,376781.000
2019-04-18,5.900,6.020,5.830,5.930,224737.000
2019-04-19,5.960,6.040,5.880,5.890,237298.000
2019-04-22,5.820,6.170,5.810,6.050,370590.000
2019-04-23,5.630,5.800,5.570,5.710,294373.000
2019-04-24,5.710,5.720,5.550,5.640,201652.750
2019-04-25,5.140,5.650,5.140,5.600,452037.650
2019-04-26,4.750,5.060,4.720,5.010,376938.000
2019-04-29,4.420,4.620,4.310,4.310,319603.000
2019-04-30,4.730,4.750,4.350,4.350,306683.000
2019-05-06,4.320,4.680,4.260,4.550,258787.000
2019-05-07,4.450,4.570,4.320,4.320,186391.000
2019-05-08,4.370,4.480,4.250,4.350,163680.000
2019-05-09,4.310,4.450,4.270,4.370,150673.000
2019-05-10,4.410,4.430,4.220,4.350,189084.000
2019-05-13,4.240,4.420,4.220,4.380,159457.000
2019-05-14,4.280,4.370,4.150,4.250,173629.000
2019-05-15,4.340,4.370,4.290,4.320,125710.000
2019-05-16,4.340,4.400,4.300,4.400,143900.760
2019-05-17,4.020,4.380,3.980,4.380,243937.500
2019-05-20,3.980,4.050,3.870,4.030,182349.140
2019-05-21,4.130,4.170,3.990,3.990,154535.550
2019-05-22,3.990,4.170,3.940,4.150,171650.320
2019-05-23,3.900,4.050,3.860,4.020,153549.900
2019-05-24,3.870,3.930,3.760,3.890,115796.070
2019-05-27,3.950,3.960,3.770,3.880,128278.930
2019-05-28,3.880,3.970,3.850,3.950,116267.820
2019-05-29,3.850,3.920,3.820,3.870,106666.000
2019-05-30,3.690,3.820,3.610,3.810,224110.000
2019-05-31,3.820,3.900,3.650,3.680,257718.000
2019-06-03,3.660,3.890,3.640,3.890,155764.000
2019-06-04,3.630,3.720,3.560,3.660,126207.000
2019-06-05,3.520,3.700,3.520,3.650,124638.000
2019-06-06,3.340,3.550,3.310,3.550,191258.230
2019-06-10,3.540,3.580,3.350,3.350,211329.960
2019-06-11,3.660,3.690,3.510,3.590,160664.000
2019-06-12,3.590,3.770,3.560,3.670,144651.000
2019-06-13,3.690,3.730,3.550,3.610,172368.250
2019-06-14,3.620,3.820,3.600,3.700,204171.730
2019-06-17,3.560,3.650,3.470,3.640,183134.470
2019-06-18,3.620,3.770,3.540,3.570,251727.200
2019-06-19,3.750,3.840,3.610,3.610,281001.540
2019-06-20,3.720,3.790,3.640,3.770,224167.490
2019-06-21,3.860,3.930,3.770,3.790,264487.000
2019-06-24,3.800,3.920,3.760,3.860,189961.000
2019-06-25,3.720,3.810,3.690,3.810,149751.000
2019-06-26,3.680,3.770,3.650,3.720,139409.000
2019-06-27,3.660,3.740,3.630,3.650,137737.000
2019-06-28,3.490,3.670,3.430,3.670,189394.000
2019-07-01,3.640,3.670,3.550,3.550,167961.000
2019-07-02,3.610,3.810,3.600,3.720,215658.000
2019-07-03,3.540,3.650,3.500,3.610,171343.000
2019-07-04,3.490,3.590,3.460,3.560,122606.000
2019-07-05,3.470,3.520,3.440,3.500,111299.000
2019-07-08,3.250,3.470,3.240,3.450,177067.390
2019-07-09,3.290,3.310,3.240,3.270,120038.290
2019-07-10,3.200,3.290,3.190,3.290,151610.180
2019-07-11,3.210,3.240,3.110,3.110,159784.480
2019-07-12,3.180,3.300,3.160,3.230,148338.280
2019-07-15,3.180,3.210,3.060,3.150,144400.000
2019-07-16,3.220,3.270,3.170,3.170,138535.000
2019-07-17,3.210,3.250,3.120,3.210,159701.000
2019-07-18,3.070,3.180,3.060,3.170,163269.000
2019-07-19,3.090,3.160,3.070,3.070,130039.000
2019-07-22,2.940,3.160,2.930,3.090,203183.000
2019-07-23,2.970,3.010,2.930,2.960,142301.000
2019-07-24,3.020,3.050,2.960,2.960,127501.000
2019-07-25,3.010,3.060,2.980,3.040,111888.000
2019-07-26,3.030,3.030,2.960,2.990,98561.000
2019-07-29,2.970,3.040,2.960,3.000,105721.000
2019-07-30,3.270,3.270,2.970,2.980,381705.000
2019-07-31,3.350,3.550,3.310,3.390,844829.000
2019-08-01,3.550,3.570,3.230,3.300,561873.000
2019-08-02,3.200,3.200,3.200,3.200,86754.000
2019-08-05,3.020,3.160,2.880,2.880,621882.920
2019-08-06,2.950,2.970,2.840,2.920,389460.650
2019-08-07,2.830,3.050,2.830,2.930,306325.060
2019-08-08,3.110,3.110,2.810,2.820,131314.940
2019-08-09,3.150,3.310,3.070,3.130,478445.940
2019-08-12,3.150,3.220,3.090,3.120,230890.160
2019-08-13,3.040,3.120,2.990,3.090,200761.870
2019-08-14,3.030,3.150,3.010,3.120,160006.960
2019-08-15,3.090,3.090,2.900,2.940,151130.090
2019-08-16,3.040,3.120,3.030,3.110,117551.400
2019-08-19,3.150,3.160,3.050,3.060,172381.000
2019-08-20,3.090,3.190,3.070,3.160,163204.000
2019-08-21,3.020,3.100,3.000,3.100,131815.000
2019-08-22,3.030,3.070,2.960,3.020,132318.000
2019-08-23,2.970,3.040,2.960,3.030,130355.000
2019-08-26,2.940,2.950,2.870,2.890,97204.000
2019-08-27,3.020,3.030,2.940,2.950,121763.000
2019-08-28,3.050,3.070,3.000,3.000,142539.000
2019-08-29,3.080,3.100,3.020,3.060,136739.000
2019-08-30,2.950,3.100,2.930,3.040,151415.000
2019-09-02,3.080,3.090,2.910,2.910,165686.000
2019-09-03,3.070,3.130,3.070,3.110,103691.000
2019-09-04,3.060,3.140,3.030,3.060,114690.000
2019-09-05,3.120,3.140,3.080,3.100,149131.000
2019-09-06,2.980,3.110,2.950,3.090,379145.000
2019-09-09,3.150,3.150,2.970,3.000,357244.000
2019-09-10,3.120,3.240,3.100,3.160,237152.000
2019-09-11,3.070,3.170,3.060,3.140,227378.000
2019-09-12,3.170,3.380,3.110,3.120,471037.000
2019-09-16,3.280,3.320,3.100,3.130,434881.000
2019-09-17,3.200,3.270,3.150,3.270,268381.000
2019-09-18,3.520,3.520,3.180,3.180,652585.000
2019-09-19,3.430,3.600,3.390,3.550,606255.000
2019-09-20,3.350,3.430,3.320,3.430,321831.000
2019-09-23,3.690,3.690,3.260,3.280,645826.000
2019-09-24,3.620,3.900,3.560,3.750,812286.000
2019-09-25,3.390,3.490,3.260,3.260,789990.000
2019-09-26,3.210,3.370,3.160,3.320,395426.000
2019-09-27,3.240,3.320,3.170,3.220,223034.000
2019-09-30,2.920,3.130,2.920,3.000,480355.000
2019-10-08,2.810,2.900,2.760,2.760,257577.000
2019-10-09,2.870,2.880,2.800,2.800,143936.000
2019-10-10,2.920,2.940,2.830,2.870,156836.000
2019-10-11,2.880,2.940,2.820,2.940,163536.000
2019-10-14,2.960,2.980,2.870,2.900,181871.000
2019-10-15,2.880,2.940,2.880,2.940,129961.000
2019-10-16,2.850,2.930,2.830,2.890,91036.000
2019-10-17,2.930,3.030,2.830,2.850,182340.000
2019-10-18,2.860,2.920,2.850,2.890,116615.000
2019-10-21,2.910,2.940,2.830,2.870,129723.000
2019-10-22,2.900,2.920,2.860,2.920,97269.030
2019-10-23,2.860,2.890,2.850,2.870,77814.760
2019-10-24,2.860,2.880,2.830,2.850,74836.200
2019-10-25,2.850,2.870,2.820,2.860,83564.680
2019-10-28,2.970,2.980,2.870,2.870,240574.010
2019-10-29,2.910,3.000,2.910,2.970,168985.000
2019-10-30,2.820,2.910,2.820,2.900,137170.000
2019-10-31,2.740,2.870,2.730,2.820,163691.460
2019-11-01,2.760,2.790,2.680,2.720,116372.000
2019-11-04,2.650,2.790,2.640,2.740,213058.230
2019-11-05,2.580,2.670,2.530,2.650,178511.800
2019-11-06,2.480,2.580,2.460,2.570,143084.800
2019-11-07,2.610,2.630,2.480,2.500,197084.600
2019-11-08,2.650,2.870,2.580,2.590,263443.000
2019-11-11,2.550,2.620,2.530,2.600,142482.000
2019-11-12,2.590,2.600,2.490,2.510,107078.000
2019-11-13,2.550,2.610,2.520,2.590,86408.000
2019-11-14,2.530,2.550,2.500,2.530,89433.000
2019-11-15,2.520,2.590,2.480,2.520,125087.000
2019-11-18,2.520,2.540,2.500,2.540,84930.000
2019-11-19,2.770,2.770,2.530,2.530,420727.000
2019-11-20,3.050,3.050,2.960,2.960,327845.000
2019-11-21,3.090,3.290,2.840,3.200,1238796.000
2019-11-22,2.900,3.060,2.900,2.950,694049.000
2019-11-25,2.670,2.860,2.610,2.850,573395.000
2019-11-26,2.670,2.790,2.640,2.650,341320.000
2019-11-27,2.590,2.640,2.560,2.620,271875.000
2019-11-28,2.560,2.600,2.540,2.590,176141.570
2019-11-29,2.610,2.620,2.530,2.570,182620.000
2019-12-02,2.590,2.640,2.530,2.610,210246.000
2019-12-03,2.610,2.620,2.550,2.560,172104.000
2019-12-04,2.620,2.640,2.560,2.580,154437.000
2019-12-05,2.620,2.630,2.590,2.610,140622.000
2019-12-06,2.700,2.740,2.590,2.610,398714.000
2019-12-09,2.680,2.710,2.650,2.690,215677.000
2019-12-10,2.670,2.680,2.620,2.680,203547.000
2019-12-11,2.680,2.760,2.640,2.660,247360.000
2019-12-12,2.610,2.680,2.600,2.650,197425.000
2019-12-13,2.620,2.650,2.600,2.610,149411.000
2019-12-16,2.710,2.740,2.610,2.620,326034.000
2019-12-17,2.760,2.780,2.700,2.750,374600.000
2019-12-18,3.040,3.040,2.720,2.750,449396.000
2019-12-19,3.340,3.340,3.120,3.170,752078.000
2019-12-20,3.020,3.410,3.010,3.400,1128508.560
2019-12-23,2.790,2.980,2.750,2.950,575708.000
2019-12-24,2.880,2.920,2.770,2.780,435866.000
2019-12-25,2.900,2.990,2.810,2.850,400252.000
2019-12-26,3.110,3.190,2.820,2.860,886720.000
2019-12-27,2.960,3.070,2.950,3.030,604942.000
2019-12-30,2.870,2.940,2.760,2.790,383134.620
2019-12-31,2.860,2.930,2.830,2.860,234866.180
2020-01-02,2.960,3.020,2.870,2.870,363527.450
2020-01-03,3.020,3.080,2.960,3.030,435951.000
2020-01-06,2.990,3.070,2.970,3.030,410917.000
2020-01-07,3.170,3.280,3.000,3.000,627830.000
2020-01-08,3.040,3.160,3.000,3.150,459012.000
2020-01-09,3.070,3.130,3.050,3.050,329596.000
2020-01-10,3.000,3.080,2.980,3.060,233343.000
2020-01-13,3.010,3.020,2.900,2.960,228845.000
2020-01-14,2.950,3.010,2.950,3.000,194879.000
2020-01-15,2.910,2.940,2.890,2.930,161708.000
2020-01-16,2.920,2.950,2.880,2.900,137972.300
2020-01-17,2.840,2.910,2.830,2.910,192403.000
2020-01-20,2.900,2.910,2.850,2.850,122065.000
2020-01-21,2.810,2.860,2.800,2.850,166221.000
2020-01-22,2.770,2.810,2.650,2.780,166901.000
2020-01-23,2.670,2.770,2.630,2.690,185338.000
2020-02-03,2.400,2.400,2.400,2.400,56870.000
2020-02-04,2.410,2.410,2.170,2.170,257553.000
2020-02-05,2.470,2.560,2.370,2.390,204345.000
2020-02-06,2.570,2.590,2.420,2.470,247948.000
2020-02-07,2.830,2.830,2.580,2.580,203609.000
2020-02-10,2.770,3.000,2.690,3.000,525824.000
2020-02-11,2.630,2.720,2.630,2.700,238703.000
2020-02-12,2.760,2.770,2.630,2.630,248765.000
2020-02-13,2.690,2.750,2.650,2.750,212296.000
2020-02-14,2.650,2.690,2.620,2.680,140630.000
2020-02-17,2.720,2.720,2.650,2.650,162002.000
2020-02-18,2.770,2.770,2.690,2.720,205222.000
2020-02-19,2.690,2.760,2.680,2.760,181280.000
2020-02-20,2.720,2.730,2.670,2.670,153011.000
2020-02-21,2.750,2.780,2.700,2.710,215215.000
2020-02-24,2.700,2.730,2.660,2.710,235571.000
2020-02-25,2.620,2.660,2.510,2.630,269655.000
2020-02-26,2.710,2.880,2.560,2.600,401063.000
2020-02-27,2.800,2.830,2.650,2.710,404609.000
2020-02-28,2.620,2.750,2.610,2.670,281686.000
2020-03-02,2.680,2.730,2.580,2.600,214903.000
2020-03-03,2.670,2.730,2.650,2.700,229523.000
2020-03-04,2.640,2.660,2.600,2.640,158598.000
2020-03-05,2.660,2.680,2.630,2.650,156520.000
2020-03-06,2.630,2.660,2.600,2.630,144100.000
2020-03-09,2.540,2.630,2.540,2.620,168661.570
2020-03-10,2.540,2.540,2.430,2.480,165695.250
2020-03-11,2.540,2.600,2.540,2.550,124514.080
2020-03-12,2.470,2.530,2.450,2.530,116153.390
2020-03-13,2.420,2.450,2.310,2.370,122719.870
2020-03-16,2.390,2.480,2.380,2.430,109854.000
2020-03-17,2.350,2.450,2.290,2.430,111368.730
2020-03-18,2.290,2.410,2.290,2.370,101484.200
2020-03-19,2.300,2.320,2.250,2.280,90836.360
2020-03-20,2.320,2.340,2.290,2.330,71093.000
2020-03-23,2.230,2.290,2.220,2.280,74062.800
2020-03-24,2.280,2.290,2.230,2.260,95653.250
2020-03-25,2.370,2.380,2.300,2.300,125477.270
2020-03-26,2.310,2.370,2.290,2.360,87929.000
2020-03-27,2.300,2.350,2.300,2.330,67843.000
