date,close,high,low,open,volume
2014-09-12,15.334,15.334,12.778,12.778,317.000
2014-09-15,16.864,16.864,16.864,16.864,84.000
2014-09-16,18.551,18.551,18.551,18.551,159.000
2014-09-17,20.406,20.406,20.406,20.406,520.000
2014-09-18,22.449,22.449,22.449,22.449,1285.000
2014-09-19,24.693,24.693,24.693,24.693,3085.000
2014-09-22,26.010,27.152,25.368,27.152,152499.000
2014-09-23,25.588,25.854,25.005,25.361,61967.000
2014-09-24,25.446,25.932,25.309,25.407,49022.000
2014-09-25,25.459,26.269,25.361,25.718,40109.000
2014-09-26,24.862,25.147,24.427,24.979,32007.000
2014-09-29,24.862,25.134,24.648,25.056,20551.000
2014-09-30,25.575,25.699,24.940,24.946,39053.000
2014-10-08,28.131,28.131,25.750,25.750,68202.000
2014-10-09,27.203,28.124,26.801,27.897,54651.000
2014-10-10,27.826,27.871,26.860,27.106,37453.000
2014-10-13,27.703,27.865,27.028,27.580,22900.000
2014-10-14,27.210,28.974,27.035,27.696,38461.000
2014-10-15,27.742,28.105,26.678,27.080,30093.000
2014-10-16,28.637,29.564,27.379,27.651,41421.000
2014-10-17,27.943,28.533,26.840,27.242,55707.000
2014-10-20,28.222,28.734,27.249,27.787,33964.000
2014-10-21,29.039,29.759,28.021,28.086,52395.000
2014-10-22,28.287,28.929,28.034,28.838,37101.000
2014-10-23,27.891,28.786,27.638,28.014,25527.000
2014-10-24,27.580,28.202,27.469,27.748,24094.000
2014-10-27,26.179,27.385,25.952,27.242,28473.000
2014-10-28,27.041,27.080,26.354,26.594,27118.000
2014-10-29,28.021,28.215,27.359,27.372,38096.000
2014-10-30,27.722,28.449,27.631,28.053,24093.000
2014-10-31,28.669,28.734,27.631,27.631,35294.000
2014-11-03,29.668,29.915,28.741,28.890,45571.000
2014-11-04,28.455,29.513,28.397,29.480,35221.000
2014-11-05,29.772,31.134,28.345,28.410,47435.000
2014-11-06,30.388,30.803,29.091,29.448,47757.000
2014-11-07,29.837,31.102,29.629,30.453,47480.000
2014-11-10,31.381,31.452,29.694,29.967,48661.000
2014-11-11,32.821,32.931,30.518,31.134,62350.000
2014-11-12,33.670,34.572,31.718,31.835,57597.000
2014-11-13,32.490,33.469,32.431,32.626,40996.000
2014-11-14,29.240,32.723,29.240,32.217,47144.000
2014-11-17,29.584,30.317,28.682,28.929,25971.000
2014-11-18,30.745,30.810,29.629,29.629,25087.000
2014-11-19,30.226,30.680,29.707,30.680,23031.000
2014-11-20,30.401,30.537,29.519,29.902,19509.000
2014-11-21,30.570,31.205,30.213,30.356,23521.000
2014-11-24,30.952,31.251,30.284,30.810,18145.000
2014-11-25,30.012,31.004,29.415,30.972,29223.000
2014-11-26,30.421,30.745,29.967,29.999,20760.000
2014-11-27,31.063,31.510,30.518,30.738,28049.000
2014-11-28,31.886,32.347,31.167,31.167,32807.000
2014-12-01,31.653,32.075,30.777,31.899,26737.000
2014-12-02,32.717,33.275,31.471,31.471,31545.000
2014-12-03,32.937,33.002,31.491,32.470,26125.000
2014-12-04,32.691,33.664,32.451,33.080,22545.000
2014-12-05,30.356,32.555,30.278,32.243,32444.000
2014-12-08,28.734,30.330,28.540,29.934,28967.000
2014-12-09,26.016,28.890,25.861,28.410,32145.000
2014-12-10,27.164,27.528,26.302,26.594,18131.000
2014-12-11,27.482,27.820,26.795,27.048,11885.000
2014-12-12,27.567,27.651,27.048,27.489,11832.000
2014-12-15,28.254,28.462,27.314,27.567,13706.000
2014-12-16,28.144,28.540,27.716,28.527,11762.000
2014-12-17,27.126,27.891,26.892,27.891,12866.000
2014-12-18,26.613,27.340,26.406,27.177,9736.000
2014-12-19,25.121,26.594,24.907,26.594,18245.000
2014-12-22,23.221,25.069,22.864,25.069,14387.000
2014-12-23,23.824,24.408,23.325,23.448,11591.000
2014-12-24,25.361,25.673,23.999,24.466,16160.000
2014-12-25,25.225,25.725,24.972,25.491,13685.000
2014-12-26,25.277,25.485,24.881,25.037,7379.000
2014-12-29,24.356,24.979,24.064,24.979,9726.000
2014-12-30,24.920,25.056,24.324,24.362,8516.000
2014-12-31,25.232,25.491,24.486,24.959,10476.000
2015-01-05,23.779,25.082,23.351,25.082,25433.000
2015-01-06,24.693,24.765,23.480,23.584,16433.000
2015-01-07,24.064,24.551,23.869,24.518,9866.000
2015-01-08,24.148,24.486,23.837,23.999,8790.000
2015-01-09,23.999,24.570,23.902,24.064,9811.000
2015-01-12,23.351,24.064,23.208,23.869,9072.000
2015-01-13,24.006,24.194,23.227,23.227,8351.000
2015-01-14,23.668,24.265,23.351,24.038,8945.000
2015-01-15,24.038,24.440,23.681,23.934,8975.000
2015-01-16,24.998,25.186,24.161,24.161,14413.000
2015-01-19,25.491,26.321,24.330,24.648,21859.000
2015-01-20,26.704,26.886,25.232,25.523,21714.000
2015-01-21,26.315,27.093,26.192,26.983,20512.000
2015-01-22,26.561,26.710,26.140,26.256,10646.000
2015-01-23,25.530,26.581,25.530,26.529,15222.000
2015-01-26,26.341,26.367,25.543,25.926,12025.000
2015-01-27,26.399,26.769,25.965,26.464,10909.000
2015-01-28,26.133,26.581,25.835,25.945,6737.000
2015-01-29,25.880,26.328,25.848,26.107,6513.000
2015-01-30,24.713,26.192,24.713,26.068,8123.000
2015-02-02,24.816,25.076,24.648,24.719,7436.000
2015-02-03,25.413,25.601,24.816,24.816,7162.000
2015-02-04,25.355,25.750,25.303,25.426,7130.000
2015-02-05,25.005,25.621,25.005,25.621,7620.000
2015-02-06,23.908,25.108,23.869,24.972,10166.000
2015-02-09,23.967,24.382,23.675,23.908,3974.000
2015-02-10,24.239,24.362,23.869,23.973,5103.000
2015-02-11,24.486,24.641,24.116,24.233,4884.000
2015-02-12,25.167,25.498,24.499,24.499,7049.000
2015-02-13,25.595,25.874,25.316,25.400,8806.000
2015-02-16,25.815,25.926,25.296,25.783,9060.000
2015-02-17,25.705,25.932,25.523,25.848,5914.000
2015-02-25,25.167,25.699,25.069,25.621,5412.000
2015-02-26,25.394,25.413,25.115,25.167,4961.000
2015-02-27,25.738,25.906,25.335,25.394,7853.000
2015-03-02,26.321,26.321,25.738,25.815,11321.000
2015-03-03,25.692,26.308,25.692,26.230,11398.000
2015-03-04,26.697,26.756,25.705,25.705,16926.000
2015-03-05,26.853,26.918,26.321,26.548,16482.000
2015-03-06,27.930,28.313,26.782,26.788,33309.000
2015-03-09,27.638,27.833,27.113,27.833,15118.000
2015-03-10,27.729,28.514,27.638,27.638,15430.000
2015-03-11,27.197,27.917,26.989,27.871,13909.000
2015-03-12,26.334,27.625,26.295,27.177,15810.000
2015-03-13,26.918,27.041,26.373,26.373,10211.000
2015-03-16,27.787,27.884,27.177,27.242,12722.000
2015-03-17,27.865,28.313,27.372,27.995,18312.000
2015-03-18,29.065,29.104,28.073,28.170,23472.000
2015-03-19,28.831,29.058,28.280,29.058,18628.000
2015-03-20,29.350,29.694,28.831,28.831,19156.000
2015-03-23,30.466,30.570,29.376,29.383,23179.000
2015-03-24,30.745,30.991,28.994,30.485,32392.000
2015-03-25,33.190,33.729,30.680,30.680,35982.000
2015-03-26,33.767,34.092,30.823,32.431,37840.000
2015-03-27,30.388,30.388,30.388,30.388,13275.000
2015-03-30,28.468,29.188,27.943,29.188,60225.000
2015-03-31,28.637,28.864,28.215,28.287,28350.000
2015-04-01,28.981,29.046,28.293,28.540,27555.000
2015-04-02,29.480,29.707,28.851,29.078,37042.000
2015-04-03,30.135,30.207,29.188,29.318,36606.000
2015-04-07,30.764,31.556,30.135,30.194,32816.000
2015-04-08,30.012,31.394,29.195,30.875,32756.000
2015-04-09,31.971,32.496,29.188,29.837,44495.000
2015-04-10,31.867,32.341,30.933,31.458,31065.000
2015-04-13,31.523,31.848,30.745,31.848,29916.000
2015-04-14,30.667,31.478,30.498,31.478,22421.000
2015-04-15,29.610,31.316,29.610,30.485,21803.000
2015-04-16,28.903,29.740,28.734,29.188,19851.000
2015-04-17,29.577,29.837,29.169,29.169,22379.000
2015-04-20,29.681,30.226,29.285,29.318,21400.000
2015-04-21,31.264,31.640,29.513,29.681,33996.000
2015-04-22,31.329,32.418,31.218,31.458,35147.000
2015-04-23,31.394,31.783,30.797,31.698,27417.000
2015-04-24,32.302,32.464,31.017,31.082,39858.000
2015-04-27,31.458,32.950,31.335,32.425,25519.000
2015-04-28,29.331,31.426,29.175,31.406,24125.000
2015-04-29,30.414,30.712,29.221,29.221,16498.000
2015-04-30,30.012,30.648,30.012,30.421,14658.000
2015-05-04,29.967,30.155,29.221,29.876,11150.000
2015-05-05,29.448,30.401,29.305,29.960,10805.000
2015-05-06,28.806,30.226,28.734,29.448,13511.000
2015-05-07,28.131,29.169,27.943,28.806,13441.000
2015-05-08,29.610,29.629,28.351,28.436,15996.000
2015-05-11,30.635,30.706,29.162,29.863,23262.000
2015-05-12,33.696,33.696,30.712,30.712,66399.000
2015-05-13,36.842,37.069,33.793,33.793,77047.000
2015-05-14,37.004,37.290,35.402,36.900,37210.000
2015-05-15,37.069,38.262,35.577,36.064,31934.000
2015-05-18,39.891,40.442,38.010,38.658,28993.000
2015-05-19,38.431,39.891,36.758,39.891,50073.000
2015-05-20,37.873,39.761,37.393,38.399,36753.000
2015-05-21,38.211,38.528,37.075,37.731,27439.000
2015-05-22,41.052,41.681,38.237,38.567,33600.000
2015-05-25,40.273,40.850,38.593,39.508,23066.000
2015-05-26,42.187,42.407,40.215,40.273,21785.000
2015-05-27,45.675,46.404,40.912,42.487,25716.000
2015-05-28,42.513,49.312,42.305,46.840,38352.000
2015-05-29,41.023,44.146,38.713,41.641,29126.000
2015-06-01,44.315,44.497,41.192,41.192,26452.000
2015-06-05,42.344,46.846,41.381,45.545,32034.000
2015-06-08,41.927,43.593,40.548,42.292,20056.000
2015-06-09,41.895,42.454,40.991,41.966,11459.000
2015-06-10,42.942,43.710,40.678,41.544,17297.000
2015-06-11,42.402,43.456,41.687,42.851,15890.000
2015-06-12,45.460,45.539,42.396,42.396,23284.000
2015-06-15,44.706,47.152,44.445,45.031,24091.000
2015-06-16,42.487,44.114,40.997,44.114,15865.000
2015-06-17,46.736,46.736,42.155,42.487,20289.000
2015-06-18,46.716,51.303,44.894,46.846,30112.000
2015-06-19,44.907,49.098,44.907,45.194,26654.000
2015-06-23,49.397,49.397,43.892,44.166,34736.000
2015-06-24,54.335,54.335,48.811,50.100,40891.000
2015-06-25,48.902,55.298,48.902,53.353,30129.000
2015-06-26,44.010,48.148,44.010,48.148,17640.000
2015-06-29,39.611,44.920,39.611,44.140,19653.000
2015-06-30,41.966,42.793,35.649,37.184,20829.000
2015-07-01,37.998,44.816,37.770,40.672,23086.000
2015-07-02,34.198,39.891,34.198,38.661,21849.000
2015-07-03,32.044,36.371,30.775,33.833,21902.000
2015-07-06,31.101,35.252,28.876,35.252,27734.000
2015-07-07,27.991,31.231,27.991,28.628,12902.000
2015-07-08,26.319,27.314,25.193,25.193,37983.000
2015-07-09,28.954,28.954,25.050,25.050,26770.000
2015-07-10,31.849,31.849,29.344,29.930,10681.000
2015-07-13,35.037,35.037,32.962,35.031,18829.000
2015-07-14,34.744,38.544,33.833,35.460,47758.000
2015-07-15,31.270,34.744,31.270,33.183,28300.000
2015-07-16,32.727,33.833,28.277,31.270,24380.000
2015-07-17,35.135,35.785,31.504,32.871,19576.000
2015-07-20,35.525,38.017,34.159,35.102,22027.000
2015-07-21,36.046,36.761,34.354,35.005,14067.000
2015-07-22,35.590,36.553,34.920,35.981,12578.000
2015-07-23,38.095,38.583,35.785,35.785,22654.000
2015-07-24,36.631,39.078,35.284,38.154,20941.000
2015-07-27,32.975,38.687,32.968,35.818,21424.000
2015-07-28,33.625,35.122,29.702,29.702,24009.000
2015-07-29,35.987,36.280,32.630,33.638,14924.000
2015-07-30,34.809,36.358,34.809,35.525,10363.000
2015-07-31,33.079,34.992,32.350,34.484,10348.000
2015-08-03,30.255,33.183,29.780,32.278,8733.000
2015-08-04,32.799,32.851,30.255,30.255,7777.000
2015-08-05,31.816,33.567,31.309,33.124,7028.000
2015-08-06,32.337,32.532,30.808,31.751,5147.000
2015-08-07,33.463,33.762,32.402,32.402,7875.000
2015-08-10,35.415,35.772,33.469,33.573,9447.000
2015-08-11,35.193,35.883,34.354,35.434,10372.000
2015-08-12,35.506,36.039,34.497,35.076,8254.000
2015-08-13,35.486,36.033,34.224,35.434,7610.000
2015-08-14,35.180,35.844,35.005,35.844,7314.000
2015-08-17,34.289,35.558,33.853,35.180,5441.000
2015-08-18,31.413,34.549,31.120,34.393,10085.000
2015-08-19,32.532,32.532,29.637,30.893,5772.000
2015-08-20,31.107,32.461,31.094,31.921,3881.000
2015-08-21,29.318,31.075,29.019,30.580,4553.000
2015-08-24,26.384,28.902,26.384,27.386,2913.000
2015-08-25,23.749,26.345,23.749,23.749,13594.000
2015-08-26,21.829,24.991,21.374,23.735,11428.000
2015-08-27,22.304,23.423,21.276,21.992,6326.000
2015-08-28,24.393,24.393,22.311,22.428,10241.000
2015-08-31,24.074,24.204,23.098,23.944,8761.000
2015-09-01,23.618,25.141,22.903,22.903,10048.000
2015-09-02,23.000,24.920,22.317,22.551,10151.000
2015-09-07,24.113,24.692,23.104,23.104,8775.000
2015-09-08,25.779,26.006,23.169,24.074,9207.000
2015-09-09,26.026,26.546,25.069,25.473,25282.000
2015-09-10,24.061,25.629,24.048,25.128,16194.000
2015-09-11,22.896,24.354,22.642,23.495,22255.000
2015-09-14,20.606,23.098,20.606,21.146,31221.000
2015-09-15,18.543,19.838,18.543,19.838,31597.000
2015-09-16,20.372,20.398,17.951,18.556,34620.000
2015-09-17,19.832,22.102,19.832,20.365,34075.000
2015-09-18,20.599,20.703,19.656,20.424,15321.000
2015-09-21,21.536,21.784,20.150,20.365,21357.000
2015-09-22,21.439,22.096,20.951,21.549,26277.000
2015-09-23,21.146,21.575,20.847,20.866,17067.000
2015-09-24,21.354,21.764,21.159,21.406,12837.000
2015-09-25,19.851,21.588,19.721,21.354,13211.000
2015-09-28,20.580,20.684,19.728,19.923,8451.000
2015-09-29,21.237,21.998,20.040,20.170,20948.000
2015-09-30,20.821,21.517,20.690,21.191,10524.000
2015-10-08,22.050,22.233,21.178,21.588,21166.000
2015-10-09,23.091,23.423,21.836,22.044,26881.000
2015-10-12,24.425,24.503,22.792,23.300,28883.000
2015-10-13,24.711,25.024,23.846,24.139,20065.000
2015-10-14,24.204,24.646,23.670,24.087,21456.000
2015-10-15,25.095,25.095,23.625,23.625,23794.000
2015-10-16,25.310,25.362,24.588,25.063,20937.000
2015-10-19,24.204,25.408,22.779,25.310,25784.000
2015-10-20,24.829,24.907,23.976,24.204,20114.000
2015-10-21,22.623,24.855,22.454,24.822,23580.000
2015-10-22,24.347,24.458,22.623,22.766,19803.000
2015-10-23,24.777,24.946,23.931,24.594,26672.000
2015-10-26,26.195,26.423,25.323,25.323,37227.000
2015-10-27,26.136,26.449,24.601,26.026,22867.000
2015-10-28,26.045,27.002,25.779,26.338,26625.000
2015-10-29,27.008,27.490,25.948,26.188,24668.000
2015-10-30,28.270,29.292,26.676,26.696,25290.000
2015-11-02,27.926,30.242,27.151,27.216,28242.000
2015-11-03,28.505,28.954,27.464,28.049,19959.000
2015-11-04,29.975,30.242,28.329,28.511,23769.000
2015-11-05,29.201,30.255,28.739,29.617,23894.000
2015-11-06,29.884,29.910,28.947,28.947,20429.000
2015-11-09,30.958,31.192,29.097,30.060,30069.000
2015-11-10,30.814,31.068,30.385,30.834,18751.000
2015-11-11,33.573,33.892,30.333,30.587,30005.000
2015-11-12,34.087,35.102,33.053,33.437,29723.000
2015-11-13,31.816,35.460,31.231,34.347,34843.000
2015-11-16,32.695,32.760,30.580,30.847,17252.000
2015-11-17,31.446,33.183,31.231,32.532,20594.000
2015-11-18,29.734,31.556,29.689,31.231,16460.000
2015-11-19,31.660,31.979,29.780,29.799,13780.000
2015-11-20,32.402,32.942,30.749,31.816,15867.000
2015-11-23,31.146,32.825,31.120,32.135,15166.000
2015-11-24,34.263,34.263,30.912,31.146,24928.000
2015-11-25,35.785,36.761,34.523,35.720,35446.000
2015-11-26,36.729,38.713,35.519,37.100,37431.000
2015-11-27,35.850,38.128,35.558,35.994,35973.000
2015-11-30,39.435,39.435,35.883,36.748,38472.000
2015-12-01,38.258,41.121,37.100,39.201,35036.000
2015-12-02,36.111,37.653,34.491,37.607,24719.000
2015-12-03,39.227,39.488,36.117,36.228,25241.000
2015-12-04,40.639,41.771,38.843,38.843,34824.000
2015-12-07,40.646,41.394,39.566,40.080,16748.000
2015-12-08,39.175,40.535,38.941,40.346,14996.000
2015-12-09,37.542,39.670,36.631,39.208,21526.000
2015-12-10,37.002,38.134,36.761,37.412,12954.000
2015-12-11,36.872,38.323,36.540,36.957,14076.000
2015-12-14,38.206,38.297,36.729,37.028,15110.000
2015-12-15,37.978,38.895,37.744,38.388,12282.000
2015-12-16,38.284,39.481,38.063,38.388,14509.000
2015-12-17,39.943,40.255,38.284,38.603,27706.000
2015-12-18,38.245,39.923,37.972,39.559,21867.000
2015-12-21,37.217,37.737,36.306,37.614,26103.000
2015-12-22,37.484,37.737,36.761,37.607,15765.000
2015-12-23,37.744,38.713,37.484,37.672,20266.000
2015-12-24,37.542,37.848,36.111,37.737,14876.000
2015-12-25,37.607,37.802,37.087,37.236,18327.000
2015-12-28,35.297,37.497,35.135,37.497,23280.000
2015-12-29,35.382,35.454,34.263,35.232,13282.000
2015-12-30,35.623,36.104,35.141,35.382,8559.000
2015-12-31,33.788,35.870,33.768,35.532,14954.000
2016-01-04,30.444,34.094,30.437,33.820,12850.000
2016-01-05,29.897,30.841,28.323,28.667,15520.000
2016-01-06,30.945,30.971,29.871,30.242,10611.000
2016-01-07,27.854,30.450,27.848,30.450,3154.000
2016-01-08,27.698,28.960,26.026,28.960,11881.000
2016-01-11,24.926,27.327,24.926,26.676,12762.000
2016-01-12,25.349,25.765,24.302,24.399,10480.000
2016-01-13,24.620,26.156,24.594,25.616,9541.000
2016-01-14,26.702,27.067,23.462,23.924,14786.000
2016-01-15,25.297,26.969,24.920,26.969,13822.000
2016-01-18,26.319,26.807,24.451,24.920,16218.000
2016-01-19,27.262,27.516,25.928,26.319,14739.000
2016-01-20,26.416,27.587,26.091,27.008,13612.000
2016-01-21,25.453,27.086,25.453,25.818,10775.000
2016-01-22,26.136,26.208,25.453,25.752,9684.000
2016-01-25,26.390,27.028,26.149,26.416,10189.000
2016-01-26,23.749,26.221,23.749,26.221,11927.000
2016-01-27,24.529,24.822,22.779,23.599,15430.000
2016-01-28,23.482,24.529,23.430,24.269,8783.000
2016-01-29,25.707,25.831,23.423,23.514,20243.000
2016-02-01,25.043,26.006,23.449,25.681,12176.000
2016-02-02,26.319,26.338,24.894,24.894,16042.000
2016-02-03,26.280,26.475,25.473,26.039,9485.000
2016-02-04,26.950,27.392,26.162,26.351,10944.000
2016-02-18,29.643,29.643,29.409,29.643,28675.000
2016-02-19,28.928,29.565,28.563,29.565,28759.000
2016-02-22,30.001,30.027,28.824,29.051,21676.000
2016-02-23,29.669,30.235,29.311,30.001,17926.000
2016-02-24,29.214,29.917,27.900,29.461,14752.000
2016-02-25,26.293,28.960,26.293,28.960,12924.000
2016-02-26,26.390,26.611,25.505,26.293,9754.000
2016-02-29,24.458,26.214,24.067,26.214,9345.000
2016-03-01,24.972,25.284,23.228,24.471,15494.000
2016-03-02,26.026,26.071,24.594,24.777,13276.000
2016-03-03,25.746,26.611,25.700,25.961,10356.000
2016-03-04,24.106,25.681,23.976,25.577,7523.000
2016-03-07,24.913,25.538,24.269,24.711,6437.000
2016-03-08,25.336,25.356,23.853,24.913,6077.000
2016-03-09,24.809,25.264,24.542,24.985,4806.000
2016-03-10,24.835,25.408,24.080,24.777,7632.000
2016-03-11,24.868,24.985,24.334,24.601,3903.000
2016-03-14,25.876,26.611,25.108,25.108,9176.000
2016-03-15,26.872,27.028,25.779,25.876,9387.000
2016-03-16,26.644,27.594,26.032,27.255,7587.000
2016-03-17,27.646,27.652,26.358,26.657,15004.000
2016-03-18,28.622,29.149,27.646,27.900,34663.000
2016-03-21,28.752,28.934,28.225,28.362,31245.000
2016-03-22,28.602,28.947,28.303,28.550,20968.000
2016-03-23,29.071,29.344,28.407,28.407,19589.000
2016-03-24,30.307,31.732,28.420,28.876,34011.000
2016-03-25,32.194,32.662,30.248,30.261,33951.000
2016-03-28,31.159,32.773,30.854,31.888,24441.000
2016-03-29,29.246,30.509,28.824,30.255,24663.000
2016-03-30,31.517,31.738,29.279,29.279,19157.000
2016-03-31,32.174,32.857,31.426,31.803,20884.000
2016-04-01,31.621,31.986,30.593,31.654,14815.000
2016-04-05,33.176,33.183,31.107,31.192,18582.000
2016-04-06,32.467,33.059,32.207,33.059,21000.000
2016-04-07,32.220,32.818,31.595,32.526,15453.000
2016-04-08,30.515,32.187,30.190,32.018,20018.000
2016-04-11,32.695,33.150,30.710,30.710,24740.000
2016-04-12,31.250,32.792,31.146,32.220,21924.000
2016-04-13,31.517,32.727,31.328,31.328,21698.000
2016-04-14,32.532,32.669,31.621,31.882,17694.000
2016-04-15,32.077,32.526,31.660,32.500,20070.000
2016-04-18,31.029,31.719,30.860,31.719,17232.000
2016-04-19,31.166,31.452,30.639,31.101,12936.000
2016-04-20,29.084,31.231,28.635,31.198,18878.000
2016-04-21,29.025,29.773,29.019,29.084,12474.000
2016-04-22,29.090,29.116,28.388,28.954,15484.000
2016-04-25,28.797,29.090,28.310,29.090,10814.000
2016-04-26,29.578,29.591,28.505,28.797,12143.000
2016-04-27,29.943,30.372,29.357,29.799,15299.000
2016-04-28,30.222,30.372,29.442,30.268,11467.000
2016-04-29,30.196,30.710,29.878,29.897,9224.000
2016-05-03,31.537,31.543,29.982,30.196,16878.000
2016-05-04,31.283,31.816,31.237,31.381,15366.000
2016-05-05,32.851,33.111,31.231,31.283,30071.000
2016-05-06,30.971,32.923,30.580,32.851,27642.000
2016-05-09,29.058,30.841,27.874,30.684,19508.000
2016-05-10,28.778,29.266,28.628,28.628,10417.000
2016-05-11,28.628,29.279,28.498,29.116,9114.000
2016-05-12,28.811,28.928,27.730,28.114,9507.000
2016-05-13,29.279,29.708,28.693,28.999,10285.000
2016-05-16,29.930,29.936,29.181,29.318,10170.000
2016-05-17,29.604,30.242,29.351,29.930,10748.000
2016-05-18,28.140,29.357,27.392,29.357,13480.000
2016-05-19,28.231,28.928,28.062,28.270,8453.000
2016-05-20,28.824,28.876,27.861,28.121,8137.000
2016-05-23,29.702,29.930,29.149,29.149,12242.000
2016-05-24,29.344,29.734,29.142,29.708,9611.000
2016-05-25,29.637,29.930,29.474,29.604,11092.000
2016-05-26,29.507,29.865,28.466,29.637,11573.000
2016-05-27,29.811,30.410,29.506,29.722,16790.000
2016-05-30,30.439,30.901,28.916,29.506,20815.000
2016-05-31,31.618,31.668,30.145,30.439,27621.000
2016-06-01,31.363,32.178,31.265,31.717,27580.000
2016-06-02,32.404,32.680,31.157,31.265,33315.000
2016-06-03,32.149,32.542,31.874,32.424,27792.000
2016-06-06,32.463,33.102,31.933,32.169,23025.000
2016-06-07,32.257,32.797,31.962,32.424,14215.000
2016-06-08,31.776,32.277,31.491,32.218,16116.000
2016-06-13,29.476,31.815,29.476,31.392,18647.000
2016-06-14,29.447,30.066,29.142,29.673,12837.000
2016-06-15,31.795,31.795,29.044,29.182,19223.000
2016-06-16,34.006,34.566,31.442,31.795,48352.000
2016-06-17,33.711,34.979,33.328,33.662,30043.000
2016-06-20,34.193,34.871,33.603,34.153,23678.000
2016-06-21,34.173,35.539,34.114,34.576,36175.000
2016-06-22,34.311,34.812,33.505,34.163,21151.000
2016-06-23,33.456,34.674,33.171,34.271,20050.000
2016-06-24,34.890,35.460,33.466,33.652,42965.000
2016-06-27,35.519,36.217,34.959,34.959,31597.000
2016-06-28,35.568,35.814,34.586,35.185,25294.000
2016-06-29,35.116,35.735,34.920,35.323,17064.000
2016-06-30,36.040,36.305,35.028,35.175,25754.000
2016-07-01,35.126,36.040,34.930,36.010,21883.000
2016-07-04,35.126,35.421,34.586,35.047,26344.000
2016-07-05,34.487,35.283,34.153,35.175,24990.000
2016-07-06,34.802,34.930,34.222,34.487,13848.000
2016-07-07,34.389,34.920,34.370,34.890,16044.000
2016-07-08,34.831,34.930,34.409,34.507,14816.000
2016-07-11,34.586,35.441,34.340,35.421,20307.000
2016-07-12,34.664,34.753,33.416,34.615,20571.000
2016-07-13,34.527,34.684,34.242,34.537,15480.000
2016-07-14,34.252,34.635,34.026,34.635,13932.000
2016-07-15,34.605,35.323,34.586,34.871,25928.000
2016-07-18,34.684,35.097,34.193,34.271,17658.000
2016-07-19,34.782,34.969,34.203,34.694,18644.000
2016-07-20,35.892,36.256,34.802,34.802,38305.000
2016-07-21,36.443,36.944,35.205,35.627,40279.000
2016-07-22,37.553,38.201,36.158,36.354,50502.000
2016-07-25,36.472,38.123,36.060,37.170,38795.000
2016-07-26,36.600,36.846,36.010,36.570,20380.000
2016-07-27,34.723,36.698,33.800,36.511,40453.000
2016-07-28,34.389,34.772,33.898,34.419,17832.000
2016-07-29,34.193,34.576,34.016,34.399,10274.000
2016-08-01,33.240,34.173,32.778,33.947,12369.000
2016-08-02,33.623,33.780,33.299,33.299,8202.000
2016-08-03,33.751,33.947,33.426,33.662,8280.000
2016-08-04,34.340,34.537,33.721,33.790,11906.000
2016-08-05,34.173,34.772,33.996,34.291,13173.000
2016-08-08,34.753,35.165,33.908,33.908,12133.000
2016-08-09,35.303,35.332,34.782,34.851,9607.000
2016-08-10,35.293,36.040,35.106,35.106,12064.000
2016-08-11,34.546,35.578,34.389,35.224,11592.000
2016-08-12,35.745,35.932,34.546,34.831,21946.000
2016-08-15,36.394,36.433,35.185,35.863,23611.000
2016-08-16,36.295,36.502,36.060,36.413,14995.000
2016-08-17,36.158,36.453,35.716,36.256,11918.000
2016-08-18,35.637,36.344,35.617,36.158,11791.000
2016-08-19,37.062,37.239,35.608,35.843,23401.000
2016-08-22,35.794,37.140,35.775,37.140,16151.000
2016-08-23,35.470,35.942,35.038,35.735,16568.000
2016-08-24,36.344,36.728,35.185,35.745,16224.000
2016-08-25,35.716,36.335,35.490,36.060,12568.000
2016-08-26,35.765,36.433,35.667,35.824,8872.000
2016-08-29,36.187,36.433,35.725,36.128,11759.000
2016-08-30,36.993,37.573,36.109,36.187,24515.000
2016-08-31,36.531,36.954,36.286,36.865,22168.000
2016-09-01,36.315,36.659,36.197,36.453,11384.000
2016-09-02,35.617,36.374,34.979,35.863,14181.000
2016-09-05,36.187,36.718,35.431,35.431,15642.000
2016-09-06,37.042,37.239,36.060,36.128,19834.000
2016-09-07,38.467,39.793,36.944,37.189,35750.000
2016-09-08,38.329,39.125,38.133,38.133,16587.000
2016-09-09,38.909,40.078,38.241,38.241,31237.000
2016-09-12,38.319,39.803,37.435,38.152,29183.000
2016-09-13,39.272,39.282,38.162,38.732,22781.000
2016-09-14,38.840,39.528,38.408,39.164,17297.000
2016-09-19,39.027,39.105,38.025,38.614,12583.000
2016-09-20,39.096,39.105,38.398,39.007,11101.000
2016-09-21,39.813,40.481,38.732,39.007,24708.000
2016-09-22,40.540,40.943,39.528,39.872,20344.000
2016-09-23,39.400,40.589,39.371,40.540,23454.000
2016-09-26,37.897,39.204,37.838,39.204,15289.000
2016-09-27,38.477,38.565,37.022,37.740,16355.000
2016-09-28,38.339,38.644,38.064,38.221,10050.000
2016-09-29,38.811,39.105,38.339,38.339,8537.000
2016-09-30,38.997,39.302,38.545,38.988,6894.000
2016-10-10,39.439,39.597,38.408,39.263,14049.000
2016-10-11,39.253,39.774,38.968,39.302,7503.000
2016-10-12,39.037,39.577,38.820,38.919,8430.000
2016-10-13,38.319,39.253,38.319,39.037,11591.000
2016-10-14,38.516,39.066,38.133,38.349,11082.000
2016-10-17,39.302,39.685,38.958,38.978,27287.000
2016-10-18,41.866,41.935,39.390,39.390,38628.000
2016-10-19,41.621,42.004,40.884,41.414,24817.000
2016-10-20,42.495,42.564,40.953,41.562,19200.000
2016-10-21,42.053,42.515,41.444,42.250,14449.000
2016-10-24,41.572,42.092,41.169,41.955,11970.000
2016-10-25,42.220,42.810,41.179,41.267,14623.000
2016-10-26,41.120,42.367,41.080,42.112,15003.000
2016-10-27,41.336,41.660,41.002,41.120,7823.000
2016-10-28,43.104,44.215,41.336,41.346,32299.000
2016-10-31,42.397,43.104,41.640,43.104,21533.000
2016-11-01,43.517,44.382,42.191,42.397,18666.000
2016-11-02,43.920,44.116,42.859,43.723,11859.000
2016-11-03,43.773,44.166,43.478,43.478,12569.000
2016-11-04,42.829,44.657,42.780,43.812,9322.000
2016-11-07,42.810,43.193,42.053,42.829,7148.000
2016-11-08,43.488,45.168,42.810,42.819,8931.000
2016-11-09,42.711,43.753,42.426,43.596,9892.000
2016-11-10,43.822,44.401,43.203,43.212,14429.000
2016-11-11,44.942,44.942,43.773,43.773,15584.000
2016-11-14,45.119,45.639,44.588,44.765,13168.000
2016-11-15,44.902,45.286,44.441,45.119,8232.000
2016-11-16,44.726,46.072,44.657,44.912,13509.000
2016-11-17,45.472,45.620,44.431,44.539,10514.000
2016-11-18,45.688,46.524,45.050,45.482,13316.000
2016-11-21,49.727,49.766,45.354,45.688,28940.000
2016-11-22,49.403,49.717,48.587,49.324,15956.000
2016-11-23,49.275,51.859,48.744,48.744,21456.000
2016-11-24,49.019,50.080,48.587,48.931,13356.000
2016-11-25,47.948,49.118,46.258,48.931,14413.000
2016-11-28,49.481,50.975,47.830,47.830,20868.000
2016-11-29,49.029,50.061,48.734,49.324,12685.000
2016-11-30,50.130,50.130,48.164,49.118,15211.000
2016-12-01,51.191,52.163,49.982,49.982,19136.000
2016-12-02,52.409,52.566,48.931,50.896,24934.000
2016-12-05,51.486,52.409,51.102,52.399,16428.000
2016-12-06,51.092,51.947,50.120,51.525,13218.000
2016-12-07,50.110,51.535,48.499,51.289,19059.000
2016-12-08,49.127,50.542,48.862,50.051,10611.000
2016-12-09,48.499,49.029,46.848,49.029,35948.000
2016-12-12,47.162,49.304,46.573,48.047,17340.000
2016-12-13,47.555,49.009,44.578,47.359,21158.000
2016-12-14,48.616,49.216,46.651,46.651,15853.000
2016-12-15,48.734,49.422,48.155,48.155,10113.000
2016-12-16,48.155,49.353,48.115,49.098,7763.000
2016-12-19,46.818,48.567,46.386,47.978,11128.000
2016-12-20,47.261,47.536,45.502,46.966,15307.000
2016-12-21,48.833,48.833,46.868,47.339,11163.000
2016-12-22,52.006,52.900,48.734,49.029,31596.000
2016-12-23,51.122,52.537,51.122,52.399,11330.000
2016-12-26,51.309,51.977,49.874,51.122,11867.000
2016-12-27,52.262,53.048,50.758,51.603,11894.000
2016-12-28,51.181,52.360,50.975,51.584,5497.000
2016-12-29,49.815,51.662,49.127,51.662,11248.000
2016-12-30,48.440,50.012,46.936,50.012,23170.000
2017-01-03,47.732,49.098,47.359,48.616,8616.000
2017-01-04,48.636,49.029,46.750,46.750,8647.000
2017-01-05,47.771,48.646,47.673,48.636,6893.000
2017-01-06,47.074,48.027,46.524,47.624,11367.000
2017-01-09,47.506,48.106,46.868,47.241,4754.000
2017-01-10,45.109,47.752,44.765,47.506,26985.000
2017-01-11,45.187,45.905,43.527,44.893,8549.000
2017-01-12,45.187,45.453,44.460,44.460,6857.000
2017-01-13,44.853,45.394,44.637,45.374,5262.000
2017-01-16,43.920,45.079,41.287,45.079,16012.000
2017-01-17,44.509,44.608,42.426,43.134,6628.000
2017-01-18,46.543,46.543,44.411,44.509,8288.000
2017-01-19,46.533,46.543,45.472,46.180,3825.000
2017-01-20,47.329,47.329,45.954,46.671,4886.000
2017-01-23,47.752,48.145,47.457,48.145,4500.000
2017-01-24,48.125,48.125,46.926,47.811,6146.000
2017-01-25,48.302,48.312,47.811,48.125,6640.000
2017-01-26,48.341,48.381,47.673,47.673,4915.000
2017-02-03,47.418,48.607,47.162,48.528,2690.000
2017-02-06,47.359,47.418,46.465,47.359,6465.000
2017-02-07,47.654,48.076,46.818,47.044,5421.000
2017-02-08,47.320,47.654,47.005,47.654,4499.000
2017-02-09,47.437,47.732,46.936,47.280,4501.000
2017-02-10,51.043,52.036,47.044,47.457,19882.000
2017-02-13,52.065,52.065,50.287,50.994,13543.000
2017-02-14,51.653,52.026,51.112,52.026,6367.000
2017-02-15,50.071,51.947,49.422,51.368,10759.000
2017-02-16,50.287,50.680,49.717,50.454,3930.000
2017-02-17,50.611,50.975,49.628,50.228,8115.000
2017-02-20,50.994,51.063,50.287,50.287,5293.000
2017-02-21,51.869,52.370,50.601,50.601,6614.000
2017-02-22,51.171,51.879,50.808,51.879,5722.000
2017-02-23,51.151,51.554,50.857,50.857,4044.000
2017-02-24,53.500,54.020,50.867,51.161,12685.000
2017-02-27,55.612,55.897,53.549,53.932,21228.000
2017-02-28,55.396,56.742,54.296,55.416,13795.000
2017-03-01,55.416,55.583,54.649,55.072,6743.000
2017-03-02,54.826,56.261,54.639,55.160,4963.000
2017-03-03,55.317,56.025,54.040,55.032,6087.000
2017-03-06,55.484,55.661,54.826,55.661,9654.000
2017-03-07,54.905,56.172,54.708,55.416,4447.000
2017-03-08,53.244,55.612,53.185,54.708,10791.000
2017-03-09,53.441,53.824,52.075,53.244,6184.000
2017-03-10,53.343,53.912,52.959,53.441,6250.000
2017-03-13,53.500,54.011,52.724,53.343,6881.000
2017-03-14,52.694,54.001,52.665,53.500,5256.000
2017-03-15,52.812,53.844,52.105,52.272,8833.000
2017-03-16,55.936,55.936,52.861,53.244,18572.000
2017-03-17,55.809,57.341,55.042,55.691,14638.000
2017-03-20,56.447,57.106,55.131,55.799,6877.000
2017-03-21,55.995,56.496,55.622,56.300,4676.000
2017-03-22,56.693,57.076,55.337,55.435,7354.000
2017-03-23,55.465,56.919,55.023,56.693,7357.000
2017-03-24,56.113,56.595,55.239,55.239,5683.000
2017-03-27,54.885,56.133,54.384,55.740,7959.000
2017-03-28,53.362,55.082,53.274,55.003,7666.000
2017-03-29,54.227,54.502,52.959,53.441,10359.000
2017-03-30,54.227,54.482,52.075,54.305,7327.000
2017-03-31,54.433,54.620,53.490,54.404,6794.000
2017-04-05,55.553,55.563,54.364,54.620,7001.000
2017-04-06,57.970,58.638,55.298,55.298,17728.000
2017-04-07,57.233,58.236,57.037,58.147,8036.000
2017-04-10,57.214,58.933,56.791,58.216,9978.000
2017-04-11,56.595,58.285,55.819,57.283,9037.000
2017-04-12,57.725,57.725,55.809,56.526,5714.000
2017-04-13,58.609,59.926,57.990,59.346,10106.000
2017-04-14,56.113,57.882,56.113,57.096,8545.000
2017-04-17,55.494,56.094,54.040,56.094,12990.000
2017-04-18,55.317,55.907,54.826,55.455,6382.000
2017-04-19,55.750,55.809,53.058,55.200,6524.000
2017-04-20,54.217,55.868,53.667,55.494,8638.000
2017-04-21,54.246,54.807,53.362,54.266,3679.000
2017-04-24,52.733,54.266,51.092,54.246,6375.000
2017-04-25,52.566,52.753,51.230,52.419,7213.000
2017-04-26,53.008,53.431,52.203,52.566,4501.000
2017-04-27,54.964,55.180,51.476,53.048,12110.000
2017-04-28,54.718,55.121,54.364,55.032,3520.000
2017-05-02,54.384,54.924,53.765,54.345,5277.000
2017-05-03,54.040,54.541,53.284,54.227,4272.000
2017-05-04,52.576,54.472,51.328,54.472,10294.000
2017-05-05,52.252,52.380,51.387,52.213,6730.000
2017-05-08,50.699,51.957,49.953,51.957,8727.000
2017-05-09,51.731,51.928,49.186,49.481,6838.000
2017-05-10,49.835,51.761,49.177,51.584,6946.000
2017-05-11,50.306,50.532,49.324,49.796,5200.000
2017-05-12,50.316,50.542,49.913,50.336,5004.000
2017-05-15,49.324,50.994,48.449,50.022,7096.000
2017-05-16,50.454,50.601,48.361,49.127,6888.000
2017-05-17,51.810,52.075,50.454,50.699,8822.000
2017-05-18,51.820,52.222,51.102,51.584,6222.000
2017-05-19,51.201,52.075,51.122,51.957,3453.000
2017-05-22,51.201,51.869,51.004,51.102,3779.000
2017-05-23,50.218,51.456,49.481,50.896,3465.000
2017-05-24,50.228,50.228,49.334,49.628,2821.000
2017-05-25,50.257,50.572,48.145,50.572,8102.000
2017-05-26,50.297,50.965,49.520,49.530,2741.000
2017-05-31,49.864,51.289,49.530,50.749,3272.000
2017-06-01,49.638,49.913,48.243,49.913,6354.000
2017-06-02,49.864,50.306,48.459,49.127,7310.000
2017-06-05,49.579,50.405,49.127,49.894,6251.000
2017-06-06,49.422,49.540,48.744,49.206,6156.000
2017-06-07,50.867,50.965,48.813,49.373,12634.000
2017-06-08,50.287,51.053,50.267,50.876,6768.000
2017-06-09,50.552,50.876,49.648,50.198,7344.000
2017-06-12,50.100,50.483,49.638,50.483,6892.000
2017-06-13,50.454,50.572,49.334,49.707,6056.000
2017-06-14,50.778,50.778,49.766,50.120,6817.000
2017-06-15,51.947,52.075,50.316,50.670,7911.000
2017-06-16,51.702,52.272,51.486,52.272,4608.000
2017-06-19,51.879,52.006,51.505,51.584,3592.000
2017-06-20,53.156,53.716,51.594,51.761,7679.000
2017-06-21,54.689,54.777,52.969,53.549,9560.000
2017-06-22,54.522,55.504,53.893,54.708,8734.000
2017-06-23,54.168,54.738,53.382,54.502,8002.000
2017-06-26,54.630,55.013,53.765,54.040,11544.000
2017-06-27,53.932,55.484,53.932,54.659,6220.000
2017-06-28,52.763,53.893,52.763,53.598,5778.000
2017-06-29,52.989,53.264,52.429,52.773,3831.000
2017-06-30,54.050,54.296,52.183,52.743,6729.000
2017-07-03,54.728,55.023,54.050,54.050,6691.000
2017-07-04,54.757,55.003,54.158,54.590,3888.000
2017-07-05,55.219,55.445,54.571,54.924,5885.000
2017-07-06,56.035,56.487,55.062,55.416,8625.000
2017-07-07,55.966,56.398,55.367,56.398,5814.000
2017-07-10,55.180,56.438,55.023,55.465,8302.000
2017-07-11,54.296,55.475,54.197,55.180,6897.000
2017-07-12,54.581,54.974,53.912,54.924,7701.000
2017-07-13,55.740,56.329,54.345,54.639,9369.000
2017-07-14,53.844,56.054,53.706,55.956,9069.000
2017-07-17,50.847,53.598,50.267,51.584,15291.000
2017-07-18,49.727,51.309,49.403,50.699,8005.000
2017-07-19,50.454,50.562,49.304,49.619,5220.000
2017-07-20,49.118,50.591,48.636,49.137,7646.000
2017-07-21,49.894,50.415,49.717,50.306,5444.000
2017-07-24,49.658,50.277,48.921,49.245,5618.000
2017-07-25,49.707,49.815,49.068,49.658,3709.000
2017-07-26,49.796,49.796,49.167,49.501,3361.000
2017-07-27,51.073,51.584,49.127,49.796,8547.000
2017-07-28,49.560,51.476,49.422,51.181,7708.000
2017-07-31,46.966,49.854,46.180,49.648,24454.000
2017-08-01,46.602,47.044,45.187,47.044,14103.000
2017-08-02,46.524,46.720,46.180,46.190,5553.000
2017-08-03,46.514,46.926,45.698,46.307,5954.000
2017-08-04,46.229,46.769,45.895,46.514,5514.000
2017-08-07,44.313,46.553,43.704,46.229,10805.000
2017-08-08,44.608,45.040,44.215,44.568,12676.000
2017-08-09,44.981,45.197,44.460,44.588,6500.000
2017-08-10,44.509,45.423,44.509,44.981,6766.000
2017-08-11,44.362,44.706,43.733,44.500,6936.000
2017-08-14,44.627,44.922,43.851,44.215,12102.000
2017-08-15,44.018,44.873,43.694,44.627,11828.000
2017-08-16,44.450,44.450,43.694,43.989,20845.000
2017-08-17,44.942,44.942,44.264,44.568,12493.000
2017-08-18,44.215,44.902,43.615,44.902,22225.000
2017-08-21,44.028,44.352,43.831,44.205,15185.000
2017-08-22,43.949,44.205,43.547,44.028,10538.000
2017-08-23,40.874,43.920,40.284,43.890,31051.000
2017-08-24,41.837,42.053,39.292,40.776,41587.000
2017-08-25,41.709,42.014,40.766,40.972,17623.000
2017-08-28,42.407,42.544,41.473,41.965,19186.000
2017-08-29,41.650,42.397,41.572,42.397,14910.000
2017-08-30,41.287,41.758,40.874,41.758,14422.000
2017-08-31,42.181,42.230,40.884,41.287,15679.000
2017-09-01,41.680,42.446,41.542,42.436,14525.000
2017-09-04,41.955,41.974,41.336,41.974,15568.000
2017-09-05,42.102,42.407,41.719,41.925,14951.000
2017-09-06,41.837,42.230,41.414,42.230,14418.000
2017-09-07,41.444,41.965,41.346,41.965,13326.000
2017-09-08,41.611,41.935,41.277,41.326,16242.000
2017-09-11,42.083,42.102,41.660,41.739,16672.000
2017-09-12,44.264,46.081,42.102,42.102,50484.000
2017-09-13,45.187,45.384,43.429,44.215,35330.000
2017-09-14,45.178,46.465,44.745,45.197,30031.000
2017-09-15,45.178,45.295,44.264,45.197,19280.000
2017-09-18,45.020,46.642,44.902,45.384,26587.000
2017-09-19,45.256,45.708,44.421,44.726,18085.000
2017-09-20,46.357,46.435,45.040,45.256,23440.000
2017-09-21,45.944,46.533,45.315,46.052,20476.000
2017-09-22,45.413,46.150,45.089,45.639,15649.000
2017-09-25,43.723,45.413,43.664,45.295,19667.000
2017-09-26,44.303,44.529,43.635,43.723,10767.000
2017-09-27,44.500,44.657,44.224,44.303,8543.000
2017-09-28,44.254,44.588,43.930,44.274,8938.000
2017-09-29,44.971,45.197,44.234,44.539,11946.000
2017-10-09,44.755,45.649,44.333,45.590,16551.000
2017-10-10,44.460,44.755,43.723,44.559,12871.000
2017-10-11,44.785,44.834,44.234,44.460,10731.000
2017-10-12,44.686,44.873,43.831,44.824,11876.000
2017-10-13,44.696,44.745,44.254,44.726,10092.000
2017-10-16,41.433,44.292,41.404,44.262,23758.000
2017-10-17,41.305,41.897,40.921,41.068,11509.000
2017-10-18,40.231,41.749,39.540,41.266,11110.000
2017-10-19,40.359,40.516,39.945,40.231,6797.000
2017-10-20,41.266,41.295,39.748,40.635,8443.000
2017-10-23,41.256,41.354,40.743,41.019,9618.000
2017-10-24,41.404,41.453,40.940,41.256,6220.000
2017-10-25,42.104,42.173,41.305,41.404,9828.000
2017-10-26,41.768,42.281,41.581,42.044,10528.000
2017-10-27,41.404,41.768,40.960,41.768,9029.000
2017-10-30,40.122,41.216,39.432,41.206,14699.000
2017-10-31,40.733,40.911,39.748,40.122,7786.000
2017-11-01,41.197,41.197,40.329,40.704,7322.000
2017-11-02,41.660,42.153,39.974,41.068,13513.000
2017-11-03,41.374,42.182,41.088,42.074,9720.000
2017-11-06,40.714,41.768,40.033,41.768,12397.000
2017-11-07,43.356,44.351,40.960,40.999,28665.000
2017-11-08,43.878,44.341,42.843,42.882,27801.000
2017-11-09,43.365,44.361,43.139,43.760,13341.000
2017-11-10,45.988,46.717,44.253,44.253,34150.000
2017-11-13,46.707,48.097,45.445,46.412,41930.000
2017-11-14,45.406,46.668,44.657,46.372,23730.000
2017-11-15,44.124,45.406,43.592,45.012,20481.000
2017-11-16,43.671,44.558,43.237,43.799,13605.000
2017-11-17,42.035,44.292,41.404,44.154,20166.000
2017-11-20,43.257,43.257,39.560,41.423,21728.000
2017-11-21,42.291,43.661,41.936,42.734,11019.000
2017-11-22,41.295,42.863,40.231,42.833,15713.000
2017-11-23,41.088,41.561,39.876,41.394,11817.000
2017-11-24,40.881,40.881,40.102,40.881,5630.000
2017-11-27,39.935,40.852,39.304,40.852,15367.000
2017-11-28,40.201,40.221,39.471,39.826,9324.000
2017-11-29,38.338,40.122,38.180,40.122,17735.000
2017-11-30,36.918,38.131,36.731,38.131,13588.000
2017-12-01,37.125,37.638,35.489,36.504,12414.000
2017-12-04,35.716,37.204,35.706,37.115,13604.000
2017-12-05,33.517,36.031,33.241,35.489,16107.000
2017-12-06,35.193,35.538,33.567,33.567,18823.000
2017-12-07,35.785,36.346,35.016,35.440,14283.000
2017-12-08,35.686,36.070,35.518,36.070,9130.000
2017-12-11,35.104,36.159,34.897,36.159,13445.000
2017-12-12,34.424,35.380,34.059,35.104,11882.000
2017-12-13,34.848,35.026,33.912,34.404,9809.000
2017-12-14,35.302,35.725,34.109,34.897,11215.000
2017-12-15,35.361,35.686,34.572,35.203,9070.000
2017-12-18,34.355,35.341,34.010,35.055,9667.000
2017-12-19,34.454,34.582,34.069,34.069,6150.000
2017-12-20,34.069,34.602,33.724,34.503,7038.000
2017-12-21,34.542,34.750,33.616,34.069,7082.000
2017-12-22,35.292,35.568,34.473,35.045,12899.000
2017-12-25,34.326,35.509,34.099,35.479,10512.000
2017-12-26,34.611,34.680,34.010,34.680,6407.000
2017-12-27,34.178,34.789,34.079,34.552,6823.000
2017-12-28,33.665,34.454,33.626,34.178,11214.000
2017-12-29,34.404,34.424,33.419,33.665,13083.000
2018-01-02,34.838,35.154,34.207,34.404,8905.000
2018-01-03,35.203,35.361,34.602,34.848,11215.000
2018-01-04,35.676,35.765,34.986,35.449,10618.000
2018-01-05,35.479,35.745,35.114,35.676,8047.000
2018-01-08,35.065,35.489,34.799,35.282,7400.000
2018-01-09,34.917,35.262,34.720,35.075,6121.000
2018-01-10,35.637,35.637,34.109,34.986,13016.000
2018-01-11,37.017,37.313,35.292,35.292,20057.000
2018-01-12,36.908,37.756,36.672,37.756,11203.000
2018-01-15,36.307,36.918,35.883,36.554,8950.000
2018-01-16,36.485,37.234,36.090,36.090,10060.000
2018-01-17,37.411,37.658,36.475,36.524,9866.000
2018-01-18,37.135,37.628,36.968,37.460,5588.000
2018-01-19,37.125,37.658,36.485,37.165,8137.000
2018-01-22,36.563,37.559,36.554,37.273,11965.000
2018-01-23,36.376,36.968,36.031,36.968,16629.000
2018-01-24,36.100,36.770,35.982,36.770,13445.000
2018-01-25,34.582,36.297,34.493,36.100,18611.000
2018-01-26,34.316,34.710,33.912,34.296,11942.000
2018-01-29,33.222,33.705,32.019,32.019,19261.000
2018-01-30,34.020,34.020,32.679,32.679,11337.000
2018-01-31,33.902,34.424,33.616,34.424,8284.000
2018-02-01,33.399,33.517,31.289,31.289,13172.000
2018-02-02,34.079,34.355,33.143,33.143,11178.000
2018-02-05,34.937,34.976,32.975,32.975,11371.000
2018-02-06,34.306,35.144,33.616,34.020,7523.000
2018-02-07,34.750,35.282,34.247,34.247,7941.000
2018-02-08,34.611,35.292,34.385,34.385,5788.000
2018-02-09,33.714,34.986,33.133,34.247,10299.000
2018-02-12,34.710,34.750,33.389,33.695,4121.000
2018-02-13,35.124,35.351,34.611,34.799,6518.000
2018-02-14,35.459,35.459,34.710,34.966,4354.000
2018-02-22,35.055,35.952,34.799,35.489,7484.000
2018-02-23,34.444,35.341,34.257,35.055,7410.000
2018-02-26,36.090,36.120,34.197,34.799,22611.000
2018-02-27,36.130,36.406,35.518,35.982,13796.000
2018-02-28,36.475,36.800,35.982,36.169,13446.000
2018-03-01,36.751,36.820,35.903,36.100,9663.000
2018-03-02,36.258,36.938,36.100,36.672,8138.000
2018-03-05,36.218,37.115,36.031,36.258,12037.000
2018-03-06,36.938,37.066,36.051,36.248,12395.000
2018-03-07,36.928,37.125,36.711,36.899,4731.000
2018-03-08,36.997,37.175,36.524,36.810,8845.000
2018-03-09,38.082,38.229,36.968,36.968,13576.000
2018-03-12,38.180,38.397,37.963,38.328,8325.000
2018-03-13,37.510,38.160,37.263,38.160,20549.000
2018-03-14,37.559,38.052,37.165,37.165,16408.000
2018-03-15,34.069,35.282,33.803,33.803,48228.000
2018-03-16,34.976,35.213,33.941,34.207,21971.000
2018-03-19,35.528,36.011,34.533,34.986,10955.000
2018-03-20,35.292,36.080,35.006,35.637,5625.000
2018-03-21,34.641,35.578,34.542,35.193,4442.000
2018-03-22,34.503,35.035,34.257,34.641,3848.000
2018-03-23,32.807,33.961,32.531,33.961,9497.000
2018-03-26,33.961,34.109,32.048,32.048,6389.000
2018-03-27,33.813,34.799,33.517,33.971,8556.000
2018-03-28,32.689,33.714,32.502,33.616,7462.000
2018-03-29,33.458,33.843,32.896,32.906,6115.000
2018-03-30,34.444,34.562,33.291,33.468,6043.000
2018-04-02,34.434,34.759,33.330,34.424,10839.000
2018-04-03,34.700,34.700,33.616,34.128,8880.000
2018-04-04,35.134,35.982,34.513,34.799,12583.000
2018-04-09,34.602,35.479,34.306,35.006,5866.000
2018-04-10,34.493,34.897,34.276,34.897,4287.000
2018-04-11,34.937,35.775,34.375,34.503,9460.000
2018-04-12,34.562,35.154,34.414,34.680,4200.000
2018-04-13,34.552,34.966,34.197,34.602,8284.000
2018-04-16,34.799,34.957,34.365,34.897,7798.000
2018-04-17,34.661,35.361,34.316,35.173,8306.000
2018-04-18,34.730,35.095,33.862,35.075,10082.000
2018-04-19,34.870,35.250,34.530,34.850,13686.000
2018-04-20,35.700,35.970,34.920,35.400,17172.150
2018-04-23,35.710,36.000,35.200,36.000,12530.000
2018-04-24,35.850,36.300,35.340,35.700,12530.000
2018-04-25,35.450,35.820,35.030,35.380,11024.550
2018-04-26,34.680,35.300,34.030,35.100,10318.000
2018-04-27,33.410,34.490,33.300,34.350,7593.500
2018-05-02,33.110,33.500,33.040,33.450,4198.000
2018-05-03,33.250,33.300,33.010,33.010,3882.500
2018-05-04,33.180,33.460,33.110,33.250,2796.020
2018-05-07,33.870,33.870,33.000,33.100,12287.230
2018-05-08,34.680,34.860,34.050,34.070,14907.640
2018-05-09,35.270,35.370,34.590,34.680,10650.050
2018-05-10,35.190,35.480,35.060,35.200,8488.000
2018-05-11,37.300,37.600,35.000,35.210,17543.050
2018-05-14,37.970,38.670,36.600,37.200,21253.440
2018-05-15,37.690,39.070,37.510,37.680,15225.000
2018-05-16,37.190,38.470,36.900,38.050,15444.960
2018-05-17,36.850,37.810,36.260,37.450,9627.000
2018-05-18,37.930,38.000,36.110,36.550,19664.000
2018-05-21,38.500,39.270,37.810,37.810,11127.640
2018-05-22,39.920,40.780,38.030,38.830,18310.150
2018-05-23,39.610,40.100,39.150,40.100,7372.980
2018-05-24,40.100,40.980,39.190,39.520,16934.000
2018-05-25,39.400,40.250,39.170,39.960,11258.150
2018-05-28,39.620,39.950,39.010,39.220,8097.500
2018-05-29,41.320,42.000,39.650,40.300,18721.500
2018-05-30,40.000,42.250,39.520,41.990,19169.910
2018-05-31,39.250,40.700,38.900,40.460,7230.500
2018-06-01,38.800,39.970,38.100,39.660,7409.500
2018-06-04,37.240,39.000,35.990,38.000,12222.500
2018-06-05,37.000,37.990,36.650,37.100,6302.250
2018-06-06,37.200,38.300,36.800,37.180,6193.000
2018-06-07,36.870,37.900,36.410,37.470,6076.500
2018-06-08,36.620,37.180,36.110,37.000,3686.690
2018-06-11,36.770,36.770,35.500,36.230,5997.000
2018-06-12,36.850,37.000,36.210,36.770,4734.000
2018-06-13,36.800,37.090,36.560,36.980,2504.750
2018-06-14,36.670,37.000,36.450,36.960,2211.500
2018-06-15,36.550,37.100,36.030,36.680,4731.000
2018-06-19,35.530,36.980,35.400,36.410,7614.000
2018-06-20,36.500,36.600,34.000,35.580,26945.670
2018-06-21,35.780,36.990,35.220,36.990,8467.000
2018-06-22,37.200,37.840,35.170,35.990,12443.000
2018-06-25,36.700,37.900,36.220,37.000,13089.500
2018-06-26,36.790,37.120,36.000,36.500,10670.000
2018-06-27,35.900,36.890,35.840,36.890,45834.470
2018-06-28,32.310,35.980,32.310,35.980,6762.000
2018-06-29,29.080,29.080,29.080,29.080,2936.000
2018-07-02,26.170,26.170,26.170,26.170,808.000
2018-07-03,23.550,26.080,23.550,23.550,121294.470
2018-07-04,21.200,22.480,21.200,21.590,73036.000
2018-07-05,19.080,20.200,19.080,19.320,91616.840
2018-07-06,18.690,19.470,18.300,19.110,74652.940
2018-07-09,19.160,19.170,18.670,19.020,49562.000
2018-07-10,18.900,19.050,18.720,18.960,37158.000
2018-07-11,18.290,18.550,17.010,18.520,86317.790
2018-07-12,18.520,18.790,17.780,17.950,51330.360
2018-07-13,18.320,18.960,18.180,18.720,39701.500
2018-07-16,18.300,18.350,17.510,17.830,32666.020
2018-07-17,18.810,18.940,18.100,18.190,39642.500
2018-07-18,18.350,18.960,18.250,18.810,38239.000
2018-07-19,18.620,18.740,18.110,18.230,30419.000
2018-07-20,18.430,18.930,18.350,18.590,28407.970
2018-07-23,18.450,18.630,18.020,18.300,27433.590
2018-07-24,18.430,18.670,18.250,18.410,26242.000
2018-07-25,18.570,18.770,18.440,18.460,29714.800
2018-07-26,18.790,18.970,18.470,18.550,43833.500
2018-07-27,19.070,19.550,18.180,18.710,74838.530
2018-07-30,18.580,19.530,18.300,19.090,52573.290
2018-07-31,18.380,18.570,18.030,18.360,26127.000
2018-08-01,18.330,18.540,18.110,18.380,17439.500
2018-08-02,18.340,18.480,17.840,18.320,28677.210
2018-08-03,18.310,18.430,17.900,18.340,15045.130
2018-08-06,17.210,18.450,17.010,18.330,18321.000
2018-08-07,16.590,17.500,15.660,17.090,33019.000
2018-08-08,16.210,16.750,16.080,16.560,20568.500
2018-08-09,16.620,16.830,16.090,16.200,15294.040
2018-08-10,16.470,16.680,16.400,16.620,11445.040
2018-08-13,16.520,16.580,16.090,16.090,10634.000
2018-08-14,16.260,16.780,16.220,16.780,11014.000
2018-08-15,15.790,16.300,15.780,16.100,13334.000
2018-08-16,15.400,15.790,14.500,15.620,12611.000
2018-08-17,15.640,15.750,14.910,15.500,15420.000
2018-08-20,15.580,15.590,14.700,15.400,16871.640
2018-08-21,15.350,15.480,15.180,15.300,6881.820
2018-08-22,14.860,15.360,14.860,15.290,5235.500
2018-08-23,14.840,15.110,14.810,14.860,7852.000
2018-08-24,15.270,15.850,14.700,14.840,14150.630
2018-08-27,15.510,15.770,15.250,15.270,15276.380
2018-08-28,15.270,15.590,15.260,15.500,11006.000
2018-08-29,15.040,15.270,14.810,15.270,11079.000
2018-08-30,14.880,15.000,14.730,14.980,8466.670
2018-08-31,14.880,15.490,14.620,14.870,8120.150
2018-09-03,15.240,15.280,14.950,15.030,11515.000
2018-09-04,15.360,15.440,14.900,15.090,11617.000
2018-09-05,16.900,16.900,15.260,15.350,55525.000
2018-09-06,16.370,16.880,15.900,16.470,40492.000
2018-09-07,17.010,17.200,16.250,16.370,43008.000
2018-09-10,16.510,16.940,16.330,16.940,20289.000
2018-09-11,16.490,16.500,15.940,16.500,15991.000
2018-09-12,16.130,16.490,16.100,16.440,14628.500
2018-09-13,16.040,16.330,15.690,16.330,12075.510
2018-09-14,15.300,16.010,15.190,15.980,12586.350
2018-09-17,15.700,15.870,15.230,15.270,14761.000
2018-09-18,15.980,16.080,15.180,15.590,16756.000
2018-09-19,15.850,16.000,15.540,15.920,13912.720
2018-09-20,16.300,16.490,15.900,15.950,28613.950
2018-09-21,16.160,16.570,15.800,16.300,22705.750
2018-09-25,15.870,16.140,15.710,16.140,10663.170
2018-09-26,15.760,16.080,15.720,15.780,9931.170
2018-09-27,14.960,15.690,14.910,15.690,15388.200
2018-09-28,15.230,15.350,14.980,15.150,8014.740
2018-10-08,14.020,14.990,13.720,14.980,17273.580
2018-10-09,14.650,14.730,14.100,14.100,15762.000
2018-10-10,14.900,14.900,14.110,14.800,22249.000
2018-10-11,13.980,14.630,13.600,14.290,18584.000
2018-10-12,13.940,14.120,13.210,14.000,13788.000
2018-10-15,13.930,14.090,13.470,13.940,7265.000
2018-10-16,13.900,13.990,13.350,13.950,14890.000
2018-10-17,14.000,14.080,13.640,13.880,11015.000
2018-10-18,13.930,14.050,13.400,14.000,11015.840
2018-10-19,14.120,14.200,13.580,13.800,10825.000
2018-10-22,14.570,14.780,14.010,14.010,16685.000
2018-10-23,14.200,14.570,14.130,14.300,8836.000
2018-10-24,14.110,14.320,14.030,14.050,6699.680
2018-10-25,14.610,14.850,13.750,13.990,24037.340
2018-10-26,14.220,14.580,14.210,14.400,10691.940
2018-10-29,14.330,14.420,14.000,14.200,7367.000
2018-10-30,14.230,14.320,13.620,14.200,12241.000
2018-10-31,14.230,14.420,14.030,14.280,10312.000
2018-11-01,14.110,14.560,14.110,14.380,10241.000
2018-11-02,14.550,14.590,14.250,14.250,15365.000
2018-11-05,15.780,16.010,15.300,15.590,60497.000
2018-11-06,15.280,15.690,14.880,15.600,33909.000
2018-11-07,14.900,15.380,14.900,15.380,21664.000
2018-11-08,14.870,15.270,14.850,15.060,11159.000
2018-11-09,14.880,15.070,14.720,14.770,9784.000
2018-11-12,15.420,15.490,14.810,14.990,16923.740
2018-11-13,16.090,16.490,15.240,15.260,33692.840
2018-11-14,16.040,16.440,15.940,15.970,20637.000
2018-11-15,16.360,16.410,15.940,15.940,23182.000
2018-11-16,16.320,16.750,16.260,16.360,22354.000
2018-11-19,16.000,16.400,15.920,16.280,17820.000
2018-11-20,15.950,16.390,15.880,15.880,15912.000
2018-11-21,16.110,16.150,15.610,15.770,11809.500
2018-11-22,16.240,16.350,15.860,16.090,12649.000
2018-11-23,14.990,16.240,14.910,16.240,22697.000
2018-11-26,14.760,15.060,14.290,15.050,11400.000
2018-11-27,14.540,15.080,14.470,15.080,10392.930
2018-11-28,14.890,15.010,14.300,14.550,15487.870
2018-11-29,14.490,15.290,14.400,15.150,13438.920
2018-11-30,14.600,14.680,14.290,14.420,8996.000
2018-12-03,15.040,15.250,14.840,14.980,11494.000
2018-12-04,15.420,15.480,15.000,15.280,10024.840
2018-12-05,15.340,15.500,14.840,15.150,12899.520
2018-12-06,15.050,15.450,14.980,14.980,9349.910
2018-12-07,15.240,15.350,15.060,15.060,7765.000
2018-12-10,14.990,15.250,14.910,15.020,7091.000
2018-12-11,15.120,15.290,14.960,15.040,6765.000
2018-12-12,15.240,15.290,15.030,15.130,9851.260
2018-12-13,15.150,15.350,15.090,15.250,10466.580
2018-12-14,14.500,15.280,14.500,15.220,12629.030
2018-12-17,14.820,14.900,14.480,14.650,7827.000
2018-12-18,14.960,15.170,14.600,14.800,10096.000
2018-12-19,14.750,15.100,14.680,15.100,7167.000
2018-12-20,14.890,14.960,14.640,14.750,6052.000
2018-12-21,14.950,15.110,14.750,14.920,9175.000
2018-12-24,15.170,15.230,14.910,15.140,8001.000
2018-12-25,14.910,15.100,14.540,15.100,9093.000
2018-12-26,15.570,15.880,14.660,14.980,19685.000
2018-12-27,15.300,15.760,15.290,15.570,12065.000
2018-12-28,15.080,15.520,14.920,15.520,13379.000
2019-01-02,15.000,15.120,14.850,15.100,7442.130
2019-01-03,15.400,15.600,15.000,15.130,14957.820
2019-01-04,16.470,16.940,15.170,15.300,37947.480
2019-01-07,16.540,16.780,16.160,16.390,31408.980
2019-01-08,15.970,16.530,15.740,16.530,29828.960
2019-01-09,15.900,16.150,15.670,15.810,20127.430
2019-01-10,17.160,17.490,15.900,15.900,63417.750
2019-01-11,16.790,17.150,16.510,17.030,38848.660
2019-01-14,16.440,16.860,16.350,16.610,18495.920
2019-01-15,16.730,16.950,16.400,16.580,24662.820
2019-01-16,16.280,16.900,16.200,16.750,16633.500
2019-01-17,16.100,16.290,15.940,16.280,11326.240
2019-01-18,16.360,16.420,15.950,15.950,12797.000
2019-01-21,16.380,16.680,16.260,16.350,12320.000
2019-01-22,16.200,16.380,16.160,16.280,6705.000
2019-01-23,16.180,16.230,16.000,16.000,5409.000
2019-01-24,16.540,16.650,16.010,16.220,12277.560
2019-01-25,15.760,16.630,15.760,16.530,12765.070
2019-01-28,15.900,16.110,15.650,15.760,7099.000
2019-01-29,15.710,15.930,15.010,15.640,14613.000
2019-01-30,15.910,16.090,15.430,15.630,9602.000
2019-01-31,15.580,16.120,15.370,15.790,9766.000
2019-02-01,16.240,16.410,15.360,15.860,13986.000
2019-02-11,16.580,16.670,15.810,15.910,15873.000
2019-02-12,16.900,17.480,16.400,16.600,22549.000
2019-02-13,16.950,17.020,16.600,16.860,17765.750
2019-02-14,17.030,17.180,16.680,16.960,19651.360
2019-02-15,16.800,17.070,16.660,17.000,15579.720
2019-02-18,18.480,18.480,16.930,17.100,54180.000
2019-02-19,19.270,20.200,18.700,19.380,83607.000
2019-02-20,21.200,21.200,19.030,19.030,59634.000
2019-02-21,22.900,23.320,21.500,22.180,84666.000
2019-02-22,22.500,22.710,21.810,22.440,67830.000
2019-02-25,23.610,24.380,21.360,22.000,100252.000
2019-02-26,22.350,23.250,22.050,22.840,62753.520
2019-02-27,21.140,22.120,20.650,22.120,45294.000
2019-02-28,20.600,21.300,20.280,20.800,39170.000
2019-03-01,21.100,21.340,20.210,20.890,31686.410
2019-03-04,21.210,22.270,20.970,21.210,54157.320
2019-03-05,22.180,22.220,21.020,21.430,39098.070
2019-03-06,22.710,23.400,22.240,22.240,45809.500
2019-03-07,22.550,24.200,22.000,23.600,54940.500
2019-03-08,22.100,23.500,21.120,21.890,49572.110
2019-03-11,24.310,24.310,22.010,23.090,51632.340
2019-03-12,24.190,25.350,23.500,25.110,41383.900
2019-03-13,25.000,25.000,23.420,24.400,38115.700
2019-03-14,25.710,26.600,24.130,24.700,51843.700
2019-03-15,25.050,26.000,24.860,25.190,29745.920
2019-03-18,24.330,24.830,23.990,24.780,18369.000
2019-03-19,23.630,24.540,23.470,24.200,24267.000
2019-03-20,23.420,23.730,22.900,23.710,21325.000
2019-03-21,23.360,24.000,23.000,23.480,23255.400
2019-03-22,23.700,24.170,23.180,23.340,25169.200
2019-03-25,22.260,23.120,22.000,22.090,30228.510
2019-03-26,21.260,22.950,21.000,22.700,37204.100
2019-03-27,20.940,21.450,20.550,21.250,23462.430
2019-03-28,20.880,21.340,20.500,20.990,17706.000
2019-03-29,20.980,21.100,20.300,21.000,20805.000
2019-04-01,21.880,21.950,21.100,21.110,23041.500
2019-04-02,21.580,22.210,21.470,21.810,23252.560
2019-04-03,21.750,21.840,21.430,21.580,19630.490
2019-04-04,21.130,21.950,21.010,21.910,26096.000
2019-04-08,20.680,21.390,20.220,21.360,25981.000
2019-04-09,21.470,21.500,20.340,20.350,23576.000
2019-04-10,20.800,21.450,20.800,21.200,24762.000
2019-04-11,20.620,21.090,20.450,20.810,17208.000
2019-04-12,21.050,21.180,20.130,20.640,24744.500
2019-04-15,20.720,21.440,20.710,21.240,25331.500
2019-04-16,21.240,21.280,20.560,20.700,20180.000
2019-04-17,21.870,22.130,21.150,21.240,37136.000
2019-04-18,21.120,21.830,21.050,21.830,25683.000
2019-04-19,21.400,21.490,21.000,21.120,16999.000
2019-04-22,21.370,22.130,21.160,22.130,16185.000
2019-04-23,20.630,21.400,20.600,21.400,15205.000
2019-04-24,20.420,20.900,19.750,20.630,23086.070
2019-04-25,18.720,20.430,18.720,20.430,24831.000
2019-04-26,18.790,19.260,18.610,18.730,23633.000
2019-04-29,17.990,19.140,17.700,18.800,24881.000
2019-04-30,18.680,19.270,18.030,18.510,25047.000
2019-05-06,17.170,18.500,16.810,18.390,28221.000
2019-05-07,18.000,18.130,17.000,17.230,24265.000
2019-05-08,17.770,18.200,17.650,17.720,15992.000
2019-05-09,17.480,17.940,17.350,17.800,12336.000
2019-05-10,17.950,18.170,16.890,17.530,24312.000
2019-05-13,17.770,18.190,17.660,17.750,15829.000
2019-05-14,17.850,18.050,17.500,17.760,13796.000
2019-05-15,18.250,18.310,17.810,18.000,20148.000
2019-05-16,18.140,18.770,18.030,18.680,29394.300
2019-05-17,16.970,17.970,16.870,17.710,28790.030
2019-05-20,16.890,17.100,16.310,16.880,13640.970
2019-05-21,17.420,17.470,16.810,16.890,15682.790
2019-05-22,17.500,17.560,17.200,17.560,14705.360
2019-05-23,16.900,17.250,16.720,17.100,19002.510
2019-05-24,16.710,17.000,16.610,17.000,8517.400
2019-05-27,17.310,17.310,16.610,16.900,12259.590
2019-05-28,17.270,17.540,17.020,17.020,10325.990
2019-05-29,17.250,17.410,17.120,17.120,8777.000
2019-05-30,17.050,17.380,16.790,17.280,10928.000
2019-05-31,17.670,17.880,17.070,17.450,21374.000
2019-06-03,16.980,17.650,16.910,17.600,17449.000
2019-06-04,16.470,17.080,16.400,17.010,11845.000
2019-06-05,16.790,16.890,16.570,16.740,8639.000
2019-06-06,16.510,16.870,16.410,16.670,6869.780
2019-06-10,16.630,16.810,16.250,16.480,6799.520
2019-06-11,17.180,17.180,16.370,16.550,13809.000
2019-06-12,17.140,17.390,16.890,17.060,13183.000
2019-06-13,18.850,18.850,17.260,17.490,59523.990
2019-06-14,18.180,19.470,18.180,19.470,63335.540
2019-06-17,17.180,17.640,16.820,17.200,35735.760
2019-06-18,16.930,17.160,16.600,16.990,29395.000
2019-06-19,11.050,11.500,11.020,11.100,45680.000
2019-06-20,11.070,11.100,10.620,11.050,32664.280
2019-06-21,11.440,11.500,11.110,11.180,46930.000
2019-06-24,11.210,11.500,11.180,11.500,28055.000
2019-06-25,10.970,11.290,10.890,11.290,19039.000
2019-06-26,10.920,10.990,10.730,10.880,17779.000
2019-06-27,10.980,11.040,10.870,10.910,17015.000
2019-06-28,10.610,10.970,10.540,10.900,19263.000
2019-07-01,11.670,11.670,11.670,11.670,14653.000
2019-07-02,12.140,12.840,11.990,12.120,178647.000
2019-07-03,11.810,12.150,11.590,12.010,85662.000
2019-07-04,11.810,11.850,11.550,11.760,37350.000
2019-07-05,11.760,11.820,11.610,11.820,25402.000
2019-07-08,11.250,11.700,11.230,11.660,31062.650
2019-07-09,11.460,11.470,11.150,11.250,23079.320
2019-07-10,11.370,11.520,11.300,11.460,18231.200
2019-07-11,11.470,11.680,11.300,11.670,24447.580
2019-07-12,12.070,12.200,11.430,11.480,62293.730
2019-07-15,12.130,12.130,11.700,11.950,48995.000
2019-07-16,12.110,12.170,11.920,12.130,25687.000
2019-07-17,11.890,12.090,11.850,12.020,28006.000
2019-07-18,12.060,12.140,11.610,11.780,41812.000
2019-07-19,12.530,12.640,11.880,11.880,79727.000
2019-07-22,12.220,12.520,12.030,12.380,40321.000
2019-07-23,13.000,13.370,12.050,12.330,106728.000
2019-07-24,13.100,13.120,12.800,13.010,72476.000
2019-07-25,12.850,13.560,12.840,13.250,83110.000
2019-07-26,12.870,12.980,12.620,12.750,43437.000
2019-07-29,12.650,12.880,12.550,12.820,38110.000
2019-07-30,12.630,12.880,12.600,12.600,35539.000
2019-07-31,12.580,12.770,12.400,12.550,33178.000
2019-08-01,12.430,12.630,12.250,12.450,39116.000
2019-08-02,12.350,12.510,11.930,12.010,38950.200
2019-08-05,12.410,12.570,12.110,12.200,34589.040
2019-08-06,11.700,12.220,11.310,12.190,49848.160
2019-08-07,11.750,11.940,11.700,11.780,24757.380
2019-08-08,11.770,11.960,11.660,11.750,23869.870
2019-08-09,11.540,12.150,11.470,11.790,28397.890
2019-08-12,11.920,11.920,11.400,11.500,29006.260
2019-08-13,11.920,11.980,11.720,11.860,15217.970
2019-08-14,11.880,12.140,11.730,12.010,28327.380
2019-08-15,11.960,12.010,11.490,11.500,23390.610
2019-08-16,12.000,12.160,11.770,11.890,34098.230
2019-08-19,12.590,12.750,12.050,12.050,49696.000
2019-08-20,12.680,12.780,12.510,12.650,31715.000
2019-08-21,13.210,13.540,12.560,12.680,97078.000
2019-08-22,12.950,13.270,12.860,13.090,62939.000
2019-08-23,12.700,13.280,12.640,13.010,55073.000
2019-08-26,12.510,12.730,12.460,12.620,35419.000
2019-08-27,12.750,12.920,12.510,12.590,44582.000
2019-08-28,12.750,12.810,12.510,12.710,29165.000
2019-08-29,12.460,12.870,12.450,12.750,30449.000
2019-08-30,12.130,12.650,12.120,12.500,33242.000
2019-09-02,12.550,12.630,12.140,12.180,32932.000
2019-09-03,12.540,12.700,12.310,12.620,31373.000
2019-09-04,12.540,12.700,12.340,12.620,29737.000
2019-09-05,12.680,12.930,12.540,12.600,47887.000
2019-09-06,12.420,12.840,12.350,12.670,54203.000
2019-09-09,13.660,13.660,12.550,12.650,217682.000
2019-09-10,13.210,13.430,13.020,13.430,188172.000
2019-09-11,13.530,13.820,13.160,13.240,140413.000
2019-09-12,14.380,14.780,13.530,13.700,191706.000
2019-09-16,15.090,15.580,14.360,14.600,166338.000
2019-09-17,14.520,15.460,14.450,15.160,134272.000
2019-09-18,14.310,14.760,14.130,14.700,79270.000
2019-09-19,14.420,14.700,14.110,14.340,64466.000
2019-09-20,14.230,14.640,14.120,14.500,51641.000
2019-09-23,14.200,14.380,13.920,14.180,46945.000
2019-09-24,13.960,14.290,13.810,14.260,68143.000
2019-09-25,13.600,14.050,13.480,13.960,64069.000
2019-09-26,12.980,13.740,12.700,13.620,72913.000
2019-09-27,13.180,13.450,12.940,13.000,60625.000
2019-09-30,13.030,13.390,12.850,13.100,50417.000
2019-10-08,12.820,13.190,12.580,13.030,53102.000
2019-10-09,13.730,13.780,13.180,13.210,110023.000
2019-10-10,13.740,13.770,13.400,13.570,81735.000
2019-10-11,13.300,13.700,13.200,13.560,69517.000
2019-10-14,13.390,13.580,13.300,13.380,60623.000
2019-10-15,13.270,13.450,13.040,13.450,48056.000
2019-10-16,12.970,13.290,12.890,13.250,47070.000
2019-10-17,13.120,13.150,12.900,12.970,33672.000
2019-10-18,12.420,13.140,12.200,13.030,94536.000
2019-10-21,12.120,12.420,11.870,12.420,44847.000
2019-10-22,12.280,12.330,12.120,12.120,31383.640
2019-10-23,12.240,12.510,12.200,12.290,26341.490
2019-10-24,12.360,12.410,11.990,12.250,25248.520
2019-10-25,12.270,12.330,12.020,12.320,37788.740
2019-10-28,12.590,12.750,12.200,12.240,55771.140
2019-10-29,12.410,12.850,12.390,12.590,47793.000
2019-10-30,12.500,12.510,12.170,12.280,34874.000
2019-10-31,12.810,12.910,12.410,12.500,63004.550
2019-11-01,12.840,12.850,12.550,12.740,42310.000
2019-11-04,12.830,12.860,12.600,12.840,36627.980
2019-11-05,12.860,12.960,12.580,12.790,40315.470
2019-11-06,12.940,13.270,12.780,12.860,55743.590
2019-11-07,13.180,13.260,12.910,12.940,37115.330
2019-11-08,13.590,13.660,13.180,13.220,67613.000
2019-11-11,13.490,13.930,13.360,13.380,68470.000
2019-11-12,14.070,14.070,13.410,13.520,67575.000
2019-11-13,14.060,14.150,13.730,13.980,56965.000
2019-11-14,13.570,14.000,13.500,13.980,60587.000
2019-11-15,13.200,13.790,13.200,13.570,48666.000
2019-11-18,14.150,14.450,13.210,13.220,111302.000
2019-11-19,13.990,14.190,13.830,14.130,76782.000
2019-11-20,13.540,13.980,13.470,13.890,52078.000
2019-11-21,13.570,13.750,13.420,13.450,31070.000
2019-11-22,13.200,13.690,13.090,13.520,34476.000
2019-11-25,13.380,13.430,13.100,13.150,22534.000
2019-11-26,13.720,13.740,13.230,13.300,30626.000
2019-11-27,13.520,13.680,13.390,13.680,21521.000
2019-11-28,13.720,13.780,13.200,13.380,32499.580
2019-11-29,14.020,14.050,13.660,13.710,51797.000
2019-12-02,14.030,14.040,13.710,13.970,33462.000
2019-12-03,13.790,14.000,13.750,14.000,25838.000
2019-12-04,13.780,13.870,13.650,13.700,22983.000
2019-12-05,13.810,13.890,13.670,13.790,30337.000
2019-12-06,13.570,13.870,13.500,13.830,36180.000
2019-12-09,14.240,14.290,13.580,13.600,79550.000
2019-12-10,14.510,14.530,14.020,14.130,85392.000
2019-12-11,14.350,14.680,14.230,14.450,55624.000
2019-12-12,14.570,14.570,14.270,14.450,44264.000
2019-12-13,14.340,14.470,14.090,14.400,66880.000
2019-12-16,14.700,14.710,14.230,14.230,48414.000
2019-12-17,14.580,14.900,14.430,14.670,46354.000
2019-12-18,14.370,14.590,14.260,14.580,48537.000
2019-12-19,14.460,14.470,14.180,14.350,42119.000
2019-12-20,14.140,14.720,14.130,14.480,42864.730
2019-12-23,13.910,14.280,13.810,14.150,36196.470
2019-12-24,14.380,14.390,13.780,13.990,45067.000
2019-12-25,14.510,14.750,14.320,14.380,63972.000
2019-12-26,14.530,14.670,14.120,14.530,33731.000
2019-12-27,14.640,14.880,14.460,14.550,53265.000
2019-12-30,14.620,14.720,14.000,14.700,41468.380
2019-12-31,14.490,14.860,14.280,14.580,46411.350
2020-01-02,14.910,15.070,14.440,14.540,69911.530
2020-01-03,14.990,15.050,14.690,14.860,48479.000
2020-01-06,14.990,15.200,14.780,14.910,50692.000
2020-01-07,15.930,16.200,15.000,15.000,109801.000
2020-01-08,16.400,17.190,15.690,15.710,145815.000
2020-01-09,16.450,16.790,16.100,16.650,99166.000
2020-01-10,16.520,16.660,16.130,16.580,63731.000
2020-01-13,16.810,17.100,16.350,16.430,60524.000
2020-01-14,17.370,17.370,16.700,16.740,87555.000
2020-01-15,16.790,17.750,16.610,17.680,97024.000
2020-01-16,16.880,17.060,16.660,16.830,59557.320
2020-01-17,16.600,16.970,16.450,16.770,47366.000
2020-01-20,16.790,16.970,16.410,16.650,43696.000
2020-01-21,16.860,17.180,16.570,16.800,45125.000
2020-01-22,17.320,17.700,15.980,16.700,95649.000
2020-01-23,16.490,17.140,16.260,17.000,87368.000
2020-02-03,14.840,14.840,14.840,14.840,4422.000
2020-02-04,14.450,14.720,13.360,13.360,109763.000
2020-02-05,14.720,15.110,14.190,14.460,66458.000
2020-02-06,15.100,15.280,14.400,14.820,71794.000
2020-02-07,15.470,15.470,14.820,14.950,65764.000
2020-02-10,16.180,16.200,15.330,15.330,67875.000
2020-02-11,16.420,16.500,16.000,16.300,65998.000
2020-02-12,18.010,18.060,16.800,17.000,202485.000
2020-02-13,17.890,18.800,17.720,18.110,136496.000
2020-02-14,17.730,17.960,17.490,17.700,70623.000
2020-02-17,18.260,18.500,17.890,17.900,77306.000
2020-02-18,19.050,19.240,18.160,18.240,93007.000
2020-02-19,18.640,19.460,18.600,18.960,77874.000
2020-02-20,18.780,18.940,18.320,18.690,67540.000
2020-02-21,18.700,19.100,18.340,18.730,83969.000
2020-02-24,18.380,18.600,18.080,18.600,108160.000
2020-02-25,18.080,18.380,17.400,18.000,77957.000
2020-02-26,17.530,18.350,17.350,18.030,88314.000
2020-02-27,17.420,17.730,17.260,17.700,57727.000
2020-02-28,17.090,17.130,16.500,17.030,91964.000
2020-03-02,17.590,17.720,16.760,17.200,95771.000
2020-03-03,17.390,18.150,17.200,17.680,98813.000
2020-03-04,16.920,17.500,16.680,17.170,59290.000
2020-03-05,16.660,17.050,16.480,17.000,89991.000
2020-03-06,16.510,16.620,16.170,16.300,64342.000
2020-03-09,15.170,16.300,15.150,16.280,112631.520
2020-03-10,15.320,15.400,14.630,14.980,92967.650
2020-03-11,15.060,15.770,15.040,15.410,107496.900
2020-03-12,14.580,15.000,14.340,15.000,110466.540
2020-03-13,14.250,14.500,13.800,13.970,95062.190
2020-03-16,13.850,14.600,13.700,14.250,112832.710
2020-03-17,14.020,14.250,13.400,13.880,80019.710
2020-03-18,13.850,14.320,13.720,14.200,76837.540
2020-03-19,14.010,14.110,13.490,13.900,88053.380
2020-03-20,14.290,14.300,13.820,14.150,103990.200
2020-03-23,14.090,14.290,13.800,13.800,122006.280
2020-03-24,14.180,14.300,13.980,14.250,109209.160
2020-03-25,14.200,14.500,14.130,14.450,97604.100
2020-03-26,13.600,14.150,13.600,14.140,97598.040
2020-03-27,13.410,13.770,13.390,13.720,67111.000
