date,close,high,low,open,volume
2017-08-10,15.455,15.455,12.879,12.879,35.000
2017-08-11,17.003,17.003,17.003,17.003,35.000
2017-08-14,18.700,18.700,18.700,18.700,25.000
2017-08-15,20.567,20.567,20.567,20.567,28.000
2017-08-16,22.624,22.624,22.624,22.624,53.000
2017-08-17,24.890,24.890,24.890,24.890,80.000
2017-08-18,27.376,27.376,27.376,27.376,188.000
2017-08-21,30.112,30.112,30.112,30.112,446.000
2017-08-22,33.127,33.127,33.127,33.127,479.000
2017-08-23,36.442,36.442,36.442,36.442,436.000
2017-08-24,40.086,40.086,40.086,40.086,708.000
2017-08-25,44.099,44.099,44.099,44.099,923.000
2017-08-28,48.512,48.512,48.512,48.512,482.000
2017-08-29,53.365,53.365,53.365,53.365,1131.000
2017-08-30,58.706,58.706,58.706,58.706,1711.000
2017-08-31,64.577,64.577,64.577,64.577,1391.000
2017-09-01,71.036,71.036,71.036,71.036,7552.000
2017-09-04,78.145,78.145,77.875,78.145,59458.000
2017-09-05,85.962,85.962,74.391,78.145,107383.000
2017-09-06,94.559,94.559,84.365,86.861,80939.000
2017-09-07,98.003,104.013,95.747,98.842,87240.000
2017-09-08,89.067,102.725,88.368,96.865,98341.000
2017-09-11,97.973,97.973,82.867,84.874,76899.000
2017-09-20,92.851,98.742,92.452,96.845,79481.000
2017-09-21,93.350,96.346,87.869,93.011,75167.000
2017-09-22,84.884,92.252,84.565,91.364,56801.000
2017-09-25,88.219,89.726,82.867,85.363,55439.000
2017-09-26,79.393,86.651,79.393,85.463,43463.000
2017-09-27,76.278,79.393,74.481,77.606,47694.000
2017-09-28,71.216,77.676,70.397,76.218,48451.000
2017-09-29,71.176,72.184,67.502,70.068,49228.000
2017-10-09,75.259,76.258,67.891,71.875,48687.000
2017-10-10,74.301,77.376,73.782,73.782,43038.000
2017-10-11,68.091,73.662,68.001,72.893,42305.000
2017-10-12,69.449,70.317,66.553,68.161,29813.000
2017-10-13,72.284,73.333,68.560,68.900,36806.000
2017-10-16,71.845,72.763,68.590,71.485,31263.000
2017-10-17,74.321,76.537,69.449,71.186,46785.000
2017-10-18,69.888,75.379,69.788,73.882,38013.000
2017-10-19,68.930,71.176,67.122,67.891,22739.000
2017-10-20,70.038,72.474,68.241,68.241,26172.000
2017-10-23,68.880,70.837,67.961,69.489,19682.000
2017-10-24,69.988,72.883,68.500,68.580,28185.000
2017-10-25,72.184,73.033,68.520,68.870,38094.000
2017-10-26,71.166,72.364,70.767,71.466,24956.000
2017-10-27,68.820,71.785,68.490,71.176,23062.000
2017-10-30,63.738,68.880,62.510,67.692,26171.000
2017-10-31,64.177,65.385,62.899,63.738,14219.000
2017-11-01,65.495,66.194,64.127,64.786,19582.000
2017-11-02,65.974,66.893,64.447,64.716,20197.000
2017-11-03,63.997,66.493,63.109,65.076,17986.000
2017-11-06,67.402,68.690,64.017,64.836,30532.000
2017-11-07,70.866,72.464,66.903,66.903,38359.000
2017-11-08,77.955,77.955,69.788,69.898,41029.000
2017-11-09,78.175,81.749,75.878,79.872,55631.000
2017-11-10,78.175,80.371,75.898,76.877,39881.000
2017-11-13,78.175,80.870,77.176,77.995,36853.000
2017-11-14,73.233,78.674,72.384,77.186,37822.000
2017-11-15,69.978,74.760,69.968,73.183,27272.000
2017-11-16,67.981,70.886,66.004,69.389,20708.000
2017-11-17,61.182,68.390,61.182,68.390,30888.000
2017-11-20,60.603,60.882,57.688,59.435,15781.000
2017-11-21,58.756,61.482,56.929,60.363,18622.000
2017-11-22,60.433,61.272,58.806,59.774,17150.000
2017-11-23,56.669,60.773,56.490,59.914,14029.000
2017-11-24,57.458,58.756,57.079,57.188,9868.000
2017-11-27,53.594,58.806,53.195,57.827,12212.000
2017-11-28,54.313,54.672,53.235,53.824,12705.000
2017-11-29,52.346,54.563,51.108,54.413,16105.000
2017-11-30,52.336,53.414,51.577,53.414,10726.000
2017-12-01,52.835,53.404,52.037,52.915,9254.000
2017-12-04,53.265,55.012,48.922,52.815,21713.000
2017-12-05,53.924,55.411,51.517,52.616,27604.000
2017-12-06,58.107,58.906,53.474,53.514,36341.000
2017-12-07,56.649,58.067,55.900,57.498,25880.000
2017-12-08,57.708,59.704,56.410,56.909,30587.000
2017-12-11,57.188,58.207,56.619,56.889,17431.000
2017-12-12,53.444,57.188,53.305,56.460,20282.000
2017-12-13,53.834,54.792,52.775,52.835,10720.000
2017-12-14,53.275,54.413,52.466,54.183,11520.000
2017-12-15,52.935,54.662,52.795,53.375,12124.000
2017-12-18,51.458,52.915,51.028,52.426,10631.000
2017-12-19,52.216,52.516,51.557,51.557,7755.000
2017-12-20,53.325,55.192,52.047,52.047,15276.000
2017-12-21,55.261,55.890,52.376,52.416,21806.000
2017-12-22,54.912,55.711,54.213,54.752,14308.000
2017-12-25,53.245,54.912,52.166,54.513,12858.000
2017-12-26,55.711,56.280,53.265,53.564,23377.000
2017-12-27,55.761,57.887,53.944,55.311,25169.000
2017-12-28,54.912,56.849,54.113,55.032,17270.000
2017-12-29,55.811,56.709,54.862,55.351,13445.000
2018-01-02,55.611,56.909,55.232,56.320,10763.000
2018-01-03,55.611,56.110,54.912,55.811,10247.000
2018-01-04,54.303,55.681,53.424,55.641,17294.000
2018-01-05,53.335,54.892,52.945,54.343,11879.000
2018-01-08,52.985,53.215,52.017,52.516,10304.000
2018-01-09,52.895,53.714,52.376,52.965,10828.000
2018-01-10,51.488,53.295,51.098,53.125,11129.000
2018-01-11,52.376,52.795,50.569,51.488,9433.000
2018-01-12,51.767,52.765,51.717,51.927,6825.000
2018-01-15,49.611,51.767,49.601,51.767,10952.000
2018-01-16,51.018,52.905,49.071,49.581,10365.000
2018-01-17,52.895,53.414,49.940,50.499,19884.000
2018-01-18,51.917,53.454,51.717,52.895,12191.000
2018-01-19,52.466,53.494,51.627,51.917,16663.000
2018-01-22,50.908,52.436,49.621,51.727,13166.000
2018-01-23,51.088,51.378,50.419,50.888,7407.000
2018-01-24,56.200,56.200,50.769,51.058,47245.000
2018-01-25,54.513,56.679,54.313,56.380,39916.000
2018-01-26,53.305,55.152,52.716,54.013,18886.000
2018-01-29,52.566,53.914,51.428,53.644,15930.000
2018-01-30,51.907,52.785,51.488,52.037,10022.000
2018-01-31,46.715,51.917,46.715,51.717,24126.000
2018-02-01,42.632,45.627,42.043,45.228,19622.000
2018-02-02,41.034,42.272,38.978,41.933,12436.000
2018-02-05,39.666,41.424,38.928,39.736,9193.000
2018-02-06,35.942,39.437,35.942,37.939,15382.000
2018-02-07,37.011,37.640,35.054,36.951,13344.000
2018-02-08,37.590,38.139,36.482,36.532,9837.000
2018-02-09,36.831,38.838,35.603,35.942,12148.000
2018-02-12,37.919,38.838,37.051,37.620,11161.000
2018-02-13,37.131,38.588,37.131,37.949,9159.000
2018-02-14,36.641,37.440,36.152,36.961,5376.000
2018-02-22,38.009,38.588,36.991,37.300,8583.000
2018-02-23,38.868,39.037,37.989,38.089,12492.000
2018-02-26,40.625,41.753,39.337,39.706,15972.000
2018-02-27,41.434,42.442,40.116,40.146,18724.000
2018-02-28,40.335,40.934,39.936,40.815,10810.000
2018-03-01,41.144,41.234,39.816,40.036,11218.000
2018-03-02,45.258,45.258,40.615,41.034,42341.000
2018-03-05,49.780,49.780,47.744,48.193,38409.000
2018-03-06,54.762,54.762,51.917,52.915,52909.000
2018-03-07,59.545,60.244,54.413,55.910,85452.000
2018-03-08,60.303,64.387,57.708,58.057,81153.000
2018-03-09,60.104,61.901,58.446,59.804,62291.000
2018-03-12,62.799,64.497,59.555,59.714,66851.000
2018-03-13,59.045,62.400,58.906,62.120,59140.000
2018-03-14,64.946,64.946,58.067,58.067,86636.000
2018-03-15,59.395,61.871,58.456,60.902,67092.000
2018-03-16,65.335,65.335,59.754,60.323,73325.000
2018-03-19,71.865,71.865,66.553,67.891,53760.000
2018-03-27,79.053,79.053,75.210,77.676,17347.000
2018-03-28,73.892,86.961,73.283,85.862,104397.000
2018-03-29,70.946,75.369,69.009,73.882,77940.000
2018-03-30,71.136,72.863,69.788,71.006,55951.000
2018-04-02,71.146,74.820,70.237,70.237,59976.000
2018-04-03,71.386,73.382,65.695,66.893,59860.000
2018-04-04,66.873,73.882,66.773,72.903,49592.000
2018-04-09,65.904,68.570,65.176,65.186,34839.000
2018-04-10,72.494,72.494,67.741,67.741,71501.000
2018-04-11,72.594,78.095,70.327,72.504,85617.000
2018-04-12,68.490,70.737,67.891,70.387,50859.000
2018-04-13,63.708,69.858,63.508,69.858,47674.000
2018-04-16,64.447,64.796,61.362,61.452,27318.000
2018-04-17,59.724,65.096,59.495,64.896,29054.000
2018-04-18,62.330,62.999,59.664,60.882,27383.000
2018-04-19,62.180,64.836,61.701,63.029,31802.000
2018-04-20,63.229,65.395,60.743,60.743,35396.000
2018-04-23,61.501,63.388,60.603,62.400,22166.000
2018-04-24,64.147,64.167,58.936,60.403,34838.000
2018-04-25,64.796,67.422,62.899,63.079,39778.000
2018-04-26,60.084,64.397,59.924,64.397,28584.000
2018-04-27,57.258,61.252,55.811,60.114,20893.000
2018-05-02,58.456,58.906,56.929,57.298,14611.000
2018-05-03,60.234,60.453,57.438,59.005,19235.000
2018-05-04,57.608,60.603,57.598,60.024,16484.000
2018-05-07,60.293,60.783,57.987,58.586,20095.000
2018-05-08,61.941,62.879,59.664,60.343,31440.000
2018-05-09,60.253,62.111,59.904,60.783,20002.000
2018-05-10,60.513,61.601,59.515,60.283,16325.000
2018-05-11,59.814,61.052,59.734,60.403,15910.000
2018-05-14,58.606,60.164,58.017,60.104,14011.000
2018-05-15,59.784,59.784,57.967,58.596,12492.000
2018-05-16,65.765,65.765,60.024,60.024,49382.000
2018-05-17,69.379,72.184,63.788,65.725,80725.000
2018-05-18,66.853,68.690,64.996,67.901,44603.000
2018-05-21,67.292,68.370,65.735,67.292,37005.000
2018-05-22,69.489,69.688,64.906,66.593,40408.000
2018-05-23,65.884,69.489,65.775,68.660,31863.000
2018-05-24,66.464,66.773,64.926,65.495,19016.000
2018-05-25,65.026,66.793,64.946,65.765,17831.000
2018-05-28,58.856,64.876,58.806,64.876,24036.000
2018-05-29,58.396,59.914,57.917,57.917,15202.000
2018-05-30,52.556,57.708,52.556,57.708,24175.000
2018-05-31,53.404,54.193,52.316,52.925,14676.000
2018-06-01,51.717,53.844,50.978,52.696,12810.000
2018-06-04,52.805,53.914,51.937,52.127,11847.000
2018-06-05,54.832,55.271,53.225,53.225,18598.000
2018-06-06,57.837,60.313,54.363,54.393,37798.000
2018-06-07,58.436,60.313,56.170,57.258,33759.000
2018-06-08,56.939,58.486,56.410,56.909,19178.000
2018-06-11,58.656,62.630,58.057,59.904,32011.000
2018-06-12,64.527,64.527,56.769,56.909,52918.000
2018-06-13,62.670,67.891,62.590,64.896,65595.000
2018-06-14,64.307,65.665,58.416,59.904,46528.000
2018-06-15,62.799,66.673,59.904,63.149,44081.000
2018-06-19,56.520,59.950,56.520,59.900,28312.000
2018-06-20,54.860,57.780,52.550,53.680,29870.990
2018-06-21,55.550,57.980,54.030,54.890,28122.000
2018-06-22,54.990,56.880,53.000,54.000,22917.000
2018-06-25,57.580,59.180,56.000,56.000,33396.510
2018-06-26,61.510,63.000,55.950,56.500,41442.010
2018-06-27,61.500,62.800,60.100,60.890,37691.960
2018-06-28,57.920,62.660,57.880,61.300,29673.500
2018-06-29,63.710,63.710,58.510,58.510,47053.820
2018-07-02,63.410,66.650,61.910,66.380,53890.730
2018-07-03,65.070,66.300,62.770,64.500,44051.200
2018-07-04,61.280,64.990,60.000,64.990,37066.000
2018-07-05,61.290,64.600,61.010,61.430,35653.330
2018-07-06,63.220,65.390,60.240,60.240,40012.820
2018-07-09,65.420,65.630,62.300,64.000,40811.000
2018-07-10,66.350,66.500,63.810,64.800,43275.000
2018-07-11,64.700,65.500,62.280,64.500,31761.000
2018-07-12,67.060,67.590,64.110,64.420,44578.310
2018-07-13,63.950,65.200,63.180,64.110,38351.210
2018-07-16,63.000,63.950,62.110,63.610,19452.990
2018-07-17,63.000,63.880,61.750,62.280,16812.000
2018-07-18,59.300,63.570,59.000,63.010,25357.000
2018-07-19,57.250,59.860,56.720,59.350,19792.000
2018-07-20,58.390,58.980,57.000,57.260,14165.810
2018-07-23,58.920,59.220,57.530,58.200,13054.850
2018-07-24,59.270,59.650,58.360,59.050,13787.700
2018-07-25,57.750,59.750,57.620,59.100,13423.980
2018-07-26,55.510,57.550,55.450,57.550,14869.820
2018-07-27,55.750,57.000,55.120,55.460,8743.070
2018-07-30,52.880,56.310,50.180,55.830,12903.000
2018-07-31,52.870,53.590,52.020,52.600,6687.010
2018-08-01,52.780,53.480,52.500,53.020,6106.000
2018-08-02,49.900,52.600,48.000,52.050,14285.720
2018-08-03,47.000,50.200,46.560,49.600,10232.000
2018-08-06,47.200,48.230,46.110,46.110,10305.910
2018-08-07,48.290,48.410,46.500,47.480,10158.900
2018-08-08,44.090,47.990,43.500,47.900,14869.700
2018-08-09,45.670,46.500,43.000,43.770,15723.300
2018-08-10,47.010,48.890,45.920,46.010,16661.720
2018-08-13,48.090,48.210,45.500,47.070,12562.000
2018-08-14,47.360,48.500,47.110,48.080,11105.790
2018-08-15,46.520,48.370,46.330,47.160,9660.000
2018-08-16,48.920,50.900,46.160,46.520,22334.720
2018-08-17,46.300,48.770,45.860,48.400,15147.720
2018-08-20,46.350,46.640,44.600,45.840,10200.990
2018-08-21,46.880,47.000,45.000,45.940,10453.000
2018-08-22,45.100,46.690,45.030,46.670,9155.000
2018-08-23,45.910,46.560,45.200,45.800,9492.200
2018-08-24,46.480,47.400,45.580,45.840,10425.000
2018-08-27,48.590,49.450,47.060,47.100,16751.120
2018-08-28,47.290,47.410,46.500,46.500,17694.000
2018-08-29,45.890,47.280,45.580,46.990,11555.000
2018-08-30,45.250,46.180,45.000,45.290,7779.820
2018-08-31,44.910,45.680,44.860,45.230,5025.000
2018-09-03,43.150,44.750,42.010,44.250,9145.000
2018-09-04,44.170,44.270,43.150,43.150,9660.000
2018-09-05,44.330,44.860,43.480,43.710,9009.000
2018-09-06,46.260,46.800,43.230,43.890,26686.000
2018-09-07,49.270,50.890,48.320,50.890,60134.000
2018-09-10,47.900,48.400,44.340,47.000,50123.000
2018-09-11,45.270,46.590,44.680,46.400,19613.000
2018-09-12,45.070,46.050,44.610,44.610,10552.000
2018-09-13,44.980,45.940,44.300,45.390,9851.000
2018-09-14,44.390,45.780,43.760,45.150,13284.200
2018-09-17,43.060,45.350,43.010,45.350,10532.070
2018-09-18,42.860,43.500,42.000,43.500,14729.000
2018-09-19,43.020,43.500,42.120,42.840,18706.000
2018-09-20,42.600,43.160,42.480,42.600,17483.330
2018-09-21,42.600,42.890,42.030,42.600,12732.420
2018-09-25,41.090,42.550,40.440,42.540,14746.410
2018-09-26,41.830,41.860,41.190,41.190,12093.010
2018-09-27,42.000,45.200,42.000,43.670,29102.490
2018-09-28,40.950,41.680,40.220,40.220,15676.000
2018-10-08,38.250,40.460,38.200,40.460,13471.700
2018-10-09,38.700,39.290,38.440,38.610,8932.000
2018-10-10,40.080,40.400,38.020,38.800,17700.000
2018-10-11,36.070,39.000,36.070,38.210,18786.000
2018-10-12,34.640,35.460,32.500,35.460,17145.000
2018-10-15,34.530,35.450,34.430,34.710,9020.000
2018-10-16,33.850,35.260,33.580,34.930,9705.000
2018-10-17,34.790,35.050,33.800,34.500,13182.000
2018-10-18,33.390,34.600,33.300,34.300,10452.500
2018-10-19,34.650,34.800,32.610,33.380,16093.000
2018-10-22,36.230,37.080,35.150,35.330,21218.000
2018-10-23,35.800,37.490,35.330,36.000,22130.000
2018-10-24,35.880,36.600,35.500,35.540,12361.000
2018-10-25,34.270,34.680,33.640,33.700,14118.000
2018-10-26,34.800,35.750,34.670,35.420,13092.000
2018-10-29,34.930,35.990,34.800,34.870,12101.700
2018-10-30,35.450,35.690,33.010,34.290,16387.000
2018-10-31,37.600,37.600,35.250,35.250,25931.000
2018-11-01,39.000,39.800,36.810,37.500,38221.000
2018-11-02,39.060,39.100,38.080,38.710,30805.000
2018-11-05,42.970,42.970,38.610,39.390,43581.000
2018-11-06,47.270,47.270,47.270,47.270,5020.000
2018-11-07,52.000,52.000,50.220,52.000,114000.000
2018-11-08,49.940,52.180,46.800,47.990,93722.000
2018-11-09,49.420,53.000,49.030,49.840,73135.000
2018-11-12,50.000,50.680,47.130,48.220,56032.860
2018-11-13,49.120,52.490,48.950,49.500,73970.790
2018-11-14,50.850,51.460,47.200,48.000,67045.860
2018-11-15,55.940,55.940,51.160,52.400,98035.000
2018-11-16,56.760,59.590,53.100,54.000,111016.000
2018-11-19,54.900,56.880,53.810,55.700,65671.000
2018-11-20,49.410,53.600,49.410,53.000,64352.770
2018-11-21,50.190,51.200,48.120,48.200,38478.770
2018-11-22,49.600,51.200,49.030,51.200,26919.280
2018-11-23,45.190,49.810,44.880,49.650,45215.000
2018-11-26,45.240,46.090,44.600,45.720,27555.000
2018-11-27,45.490,46.100,45.000,46.000,24006.190
2018-11-28,44.760,45.690,43.310,45.310,26446.500
2018-11-29,44.400,46.510,44.200,45.130,33492.860
2018-11-30,43.740,44.610,42.120,43.850,26391.770
2018-12-03,45.280,45.850,44.900,45.680,31445.000
2018-12-04,48.700,49.000,44.900,45.210,50799.770
2018-12-05,46.550,47.580,46.080,46.080,35386.190
2018-12-06,44.500,46.360,44.500,46.360,26656.670
2018-12-07,44.000,45.200,43.720,44.650,14570.000
2018-12-10,44.860,45.150,43.000,43.650,16168.000
2018-12-11,44.600,45.270,44.000,44.810,14467.000
2018-12-12,44.660,45.430,44.600,44.880,15111.500
2018-12-13,44.540,45.300,44.190,45.300,18938.000
2018-12-14,41.970,44.590,41.510,44.590,23503.000
2018-12-17,43.150,43.790,41.990,42.000,17356.000
2018-12-18,43.200,43.880,42.180,43.000,20308.000
2018-12-19,42.560,43.780,42.380,43.210,20136.000
2018-12-20,43.230,43.510,42.690,42.900,24288.000
2018-12-21,42.000,43.480,41.010,42.950,23986.000
2018-12-24,42.060,42.390,41.580,41.580,15180.000
2018-12-25,42.050,42.780,40.020,41.650,22643.000
2018-12-26,43.470,43.790,41.510,41.790,39108.000
2018-12-27,41.120,43.390,41.010,43.300,30979.000
2018-12-28,39.900,41.540,39.900,41.010,18160.000
2019-01-02,39.400,40.490,39.200,40.080,14884.000
2019-01-03,36.950,39.800,36.850,39.360,24821.860
2019-01-04,38.310,38.470,35.870,35.870,18447.630
2019-01-07,39.580,39.880,38.540,38.870,19403.000
2019-01-08,39.510,40.880,39.340,39.660,18533.890
2019-01-09,39.690,40.550,39.020,39.510,17703.980
2019-01-10,38.850,39.790,38.570,39.530,12531.670
2019-01-11,39.040,39.280,38.560,38.920,10880.100
2019-01-14,40.190,41.770,39.100,39.480,31121.200
2019-01-15,39.670,39.950,38.610,39.410,21189.100
2019-01-16,40.400,40.980,39.600,39.880,27137.860
2019-01-17,42.150,43.560,39.610,40.000,52375.100
2019-01-18,40.940,42.100,40.290,41.550,29260.000
2019-01-21,40.970,41.230,40.300,40.830,18139.000
2019-01-22,40.770,41.960,40.500,41.370,24866.000
2019-01-23,40.080,40.800,39.330,40.590,18982.000
2019-01-24,39.600,40.680,39.580,40.590,18768.000
2019-01-25,38.390,39.600,38.380,39.300,16851.000
2019-01-28,38.460,39.190,38.380,38.750,9375.000
2019-01-29,36.850,38.670,35.530,38.280,13883.000
2019-01-30,35.930,37.200,35.910,36.230,9705.000
2019-01-31,32.880,35.000,32.600,33.110,21828.000
2019-02-01,34.700,34.730,32.980,32.980,13881.000
2019-02-11,36.200,36.350,34.860,34.860,15119.000
2019-02-12,36.570,36.960,36.240,36.240,15331.000
2019-02-13,37.500,37.700,36.350,36.920,17154.270
2019-02-14,38.980,39.880,37.680,38.000,28925.000
2019-02-15,38.150,38.890,38.030,38.500,20193.000
2019-02-18,39.500,39.500,38.160,38.530,20858.000
2019-02-19,40.090,41.250,39.300,39.690,30471.000
2019-02-20,39.490,40.170,38.600,40.090,18442.000
2019-02-21,39.680,40.820,39.480,39.570,28164.000
2019-02-22,40.910,41.260,39.490,40.200,42630.000
2019-02-25,43.990,44.930,41.010,41.910,50427.000
2019-02-26,43.900,47.070,43.500,44.200,58863.900
2019-02-27,44.450,45.700,42.700,44.290,42843.000
2019-02-28,42.270,44.130,41.800,44.000,34044.000
2019-03-01,42.370,42.950,41.880,41.880,19317.000
2019-03-04,43.290,44.390,42.810,43.090,37227.210
2019-03-05,45.360,45.740,42.460,42.990,51595.110
2019-03-06,46.110,48.540,45.570,48.000,63682.100
2019-03-07,50.720,50.720,46.000,46.250,78455.540
2019-03-08,45.650,49.790,45.650,48.000,59588.270
2019-03-11,47.220,47.800,45.500,45.650,29676.370
2019-03-12,47.590,48.710,46.850,47.210,37341.640
2019-03-13,47.810,50.500,46.750,47.600,49753.380
2019-03-14,43.600,47.510,43.060,47.370,39392.950
2019-03-15,44.650,45.500,43.950,44.100,28695.490
2019-03-18,45.430,45.910,43.980,45.000,24794.000
2019-03-19,45.210,47.200,44.600,45.440,28022.000
2019-03-20,45.830,47.180,45.200,46.350,30853.000
2019-03-21,47.090,47.850,45.390,45.390,43705.700
2019-03-22,46.520,47.860,45.500,47.120,30223.000
2019-03-25,44.180,45.600,43.980,45.600,25934.000
2019-03-26,42.100,44.950,41.940,44.500,24305.000
2019-03-27,42.700,43.400,42.150,42.780,17922.000
2019-03-28,41.850,43.150,41.630,42.940,17009.000
2019-03-29,42.690,42.790,41.310,41.530,17611.000
2019-04-01,44.600,44.840,42.800,42.900,24927.000
2019-04-02,43.760,44.970,43.700,44.620,29226.000
2019-04-03,43.950,44.280,43.220,43.490,19842.000
2019-04-04,43.480,44.350,43.120,43.990,16226.000
2019-04-08,43.850,44.530,43.200,43.890,22688.000
2019-04-09,44.130,44.240,43.220,43.660,18194.000
2019-04-10,45.870,48.000,43.850,44.710,48881.000
2019-04-11,45.370,47.290,45.350,45.440,25366.000
2019-04-12,44.520,45.760,44.040,45.500,16318.500
2019-04-15,42.790,45.550,42.730,45.510,18721.170
2019-04-16,42.600,42.990,40.100,41.060,28898.000
2019-04-17,41.770,42.460,41.500,42.000,17104.000
2019-04-18,41.690,42.350,41.520,41.800,10467.000
2019-04-19,41.400,41.980,40.740,41.950,10729.000
2019-04-22,41.690,42.110,41.250,41.600,10759.000
2019-04-23,40.850,41.690,40.550,41.690,10019.000
2019-04-24,40.460,41.100,39.730,41.100,11442.000
2019-04-25,39.150,40.600,39.030,40.430,9652.000
2019-04-26,39.830,40.570,38.520,39.380,10815.000
2019-04-29,37.600,40.150,37.450,39.770,11118.000
2019-04-30,38.180,38.600,37.730,37.730,7477.000
2019-05-06,35.050,37.500,34.700,36.100,11855.000
2019-05-07,35.820,36.480,35.190,36.200,9615.000
2019-05-08,36.130,36.660,34.580,35.200,8789.000
2019-05-09,36.150,36.530,35.660,36.080,6987.000
2019-05-10,37.180,37.460,35.810,36.400,13604.000
2019-05-13,36.980,37.680,36.680,36.880,8598.000
2019-05-14,38.270,40.180,36.980,36.980,17696.000
2019-05-15,38.740,39.500,38.230,38.230,14446.000
2019-05-16,38.290,38.740,37.650,38.370,10284.000
2019-05-17,36.230,38.680,35.850,38.600,12587.010
2019-05-20,37.140,37.470,36.240,36.950,10643.220
2019-05-21,37.940,37.980,36.820,36.990,9567.000
2019-05-22,37.700,38.500,37.650,37.780,9210.300
2019-05-23,38.230,38.610,37.210,37.510,15388.050
2019-05-24,37.240,38.330,36.900,38.000,10526.430
2019-05-27,38.230,38.260,37.050,37.230,11319.000
2019-05-28,38.310,39.260,38.210,39.190,16917.300
2019-05-29,38.010,38.380,37.520,37.900,12487.000
2019-05-30,37.160,38.050,36.700,37.980,11573.000
2019-05-31,38.000,38.220,37.300,37.320,13195.000
2019-06-03,37.220,38.210,36.660,37.890,12327.000
2019-06-04,38.250,38.830,35.550,37.200,25598.000
2019-06-05,37.370,38.250,36.870,38.080,18606.000
2019-06-06,34.990,37.490,34.640,37.390,21191.870
2019-06-10,34.980,35.400,34.000,34.910,10010.450
2019-06-11,36.340,36.500,34.960,34.960,14914.000
2019-06-12,36.800,36.880,36.210,36.550,13280.000
2019-06-13,37.250,37.710,36.610,36.800,12579.900
2019-06-14,37.760,39.640,36.800,37.520,25543.410
2019-06-17,36.900,38.760,36.790,37.490,14835.110
2019-06-18,36.020,37.030,35.800,36.550,11629.160
2019-06-19,37.630,38.190,36.710,36.710,19428.890
2019-06-20,38.110,38.480,37.400,37.400,19334.990
2019-06-21,40.770,41.410,39.030,39.680,40615.000
2019-06-24,39.680,40.170,39.250,40.170,22780.000
2019-06-25,39.780,40.280,39.300,40.270,17947.000
2019-06-26,38.460,39.660,38.170,39.660,16685.000
2019-06-27,38.760,39.280,38.550,38.880,12835.000
2019-06-28,37.810,38.770,36.880,38.660,17350.000
2019-07-01,39.650,39.880,38.320,38.330,22786.000
2019-07-02,27.980,28.460,27.410,28.180,26194.000
2019-07-03,26.850,27.850,26.760,27.850,22723.000
2019-07-04,26.900,27.490,26.690,26.930,15723.000
2019-07-05,27.090,27.270,26.520,26.760,12066.000
2019-07-08,25.850,27.060,25.660,27.060,16657.700
2019-07-09,25.980,26.350,25.550,25.800,9747.230
2019-07-10,25.650,26.280,25.590,25.980,9771.800
2019-07-11,26.340,26.500,25.000,25.780,21413.120
2019-07-12,26.300,26.450,25.850,26.070,14141.800
2019-07-15,26.500,26.950,25.610,25.800,16498.000
2019-07-16,26.250,26.790,26.190,26.640,11876.000
2019-07-17,26.250,26.590,26.010,26.100,10048.000
2019-07-18,25.260,26.060,25.250,26.050,11420.000
2019-07-19,25.400,25.800,25.200,25.550,11909.000
2019-07-22,23.830,25.690,23.580,25.420,17310.000
2019-07-23,24.740,24.880,23.740,23.740,17686.000
2019-07-24,25.060,25.440,24.580,24.600,15163.000
2019-07-25,24.850,25.430,24.700,25.100,11604.000
2019-07-26,25.000,25.060,24.600,24.800,8760.000
2019-07-29,24.740,25.250,24.350,25.160,11001.000
2019-07-30,25.160,25.500,24.620,24.620,15380.000
2019-07-31,25.300,25.440,25.000,25.180,13863.000
2019-08-01,25.290,25.970,25.080,25.310,18709.000
2019-08-02,26.540,27.140,24.570,25.020,40343.240
2019-08-05,25.750,26.180,25.590,26.100,22516.080
2019-08-06,24.220,25.110,23.830,25.110,24792.310
2019-08-07,23.800,24.700,23.710,24.380,16515.050
2019-08-08,23.930,24.000,23.530,23.810,12477.180
2019-08-09,23.260,24.220,23.160,23.960,14738.200
2019-08-12,23.800,23.840,23.320,23.730,9762.640
2019-08-13,23.690,23.980,23.280,23.280,7858.800
2019-08-14,23.660,24.140,23.600,23.990,9869.000
2019-08-15,23.420,23.510,22.810,23.300,15001.800
2019-08-16,23.730,23.850,23.130,23.430,12810.000
2019-08-19,24.400,24.400,23.750,23.900,19235.000
2019-08-20,24.520,24.850,24.200,24.380,18862.000
2019-08-21,24.940,25.700,24.310,24.310,29305.000
2019-08-22,24.630,25.250,24.480,24.940,18496.000
2019-08-23,24.560,25.100,24.560,24.650,14368.000
2019-08-26,24.350,24.850,23.710,23.990,13648.000
2019-08-27,24.980,25.350,24.350,24.350,23728.000
2019-08-28,25.050,25.160,24.710,24.710,18989.000
2019-08-29,25.050,25.360,24.920,25.140,20439.000
2019-08-30,25.700,27.000,25.200,25.500,51009.000
2019-09-02,26.200,26.310,24.880,25.450,41758.000
2019-09-03,26.090,26.570,25.910,26.250,27628.000
2019-09-04,25.800,25.980,25.510,25.940,20116.000
2019-09-05,26.140,26.790,25.800,26.050,27777.000
2019-09-06,26.210,26.650,25.990,26.250,21504.000
2019-09-09,26.850,26.850,26.160,26.410,28547.000
2019-09-10,26.740,27.470,26.530,27.030,26287.000
2019-09-11,26.400,26.930,26.400,26.760,16105.000
2019-09-12,26.620,26.790,26.200,26.400,14650.000
2019-09-16,26.580,26.880,26.450,26.780,15722.000
2019-09-17,26.160,26.580,25.660,26.580,21682.000
2019-09-18,25.600,26.100,25.310,25.990,15425.000
2019-09-19,26.080,26.230,25.650,25.650,14281.000
2019-09-20,26.000,26.520,25.990,26.290,12113.000
2019-09-23,25.890,26.390,25.410,26.380,14041.000
2019-09-24,26.000,26.800,25.830,26.030,21922.000
2019-09-25,25.100,26.170,25.050,25.760,19945.000
2019-09-26,24.060,25.400,23.930,25.250,17129.000
2019-09-27,24.190,24.450,23.850,24.300,9404.000
2019-09-30,23.790,24.390,23.710,24.170,8735.000
2019-10-08,23.800,24.090,23.700,23.780,7098.000
2019-10-09,24.080,24.080,23.400,23.900,9072.000
2019-10-10,24.260,24.380,23.960,24.080,11842.000
2019-10-11,24.340,24.580,23.510,24.240,11081.000
2019-10-14,24.680,25.340,24.550,24.740,15363.000
2019-10-15,24.710,24.980,24.370,24.560,16825.000
2019-10-16,24.510,25.160,24.490,24.970,12906.000
2019-10-17,24.940,25.120,24.530,24.610,14457.000
2019-10-18,24.020,24.900,23.800,24.900,16058.000
2019-10-21,25.110,26.420,24.220,24.270,32307.000
2019-10-22,24.730,25.400,24.290,25.400,24239.200
2019-10-23,24.340,24.780,24.310,24.720,12980.100
2019-10-24,24.480,24.980,24.090,24.170,12807.000
2019-10-25,24.450,24.570,24.030,24.420,11357.200
2019-10-28,26.000,26.800,25.110,26.000,50295.070
2019-10-29,24.840,25.680,24.590,25.430,36116.000
2019-10-30,23.820,24.750,23.810,24.710,20595.000
2019-10-31,23.280,24.010,23.230,23.840,13298.350
2019-11-01,23.360,23.560,23.210,23.210,7716.000
2019-11-04,23.510,23.760,23.350,23.480,8905.220
2019-11-05,23.520,23.690,23.160,23.510,8020.190
2019-11-06,23.070,23.580,22.860,23.580,9457.400
2019-11-07,23.250,23.370,23.000,23.080,6900.000
2019-11-08,23.950,24.930,23.330,23.370,26585.000
2019-11-11,23.680,24.180,23.240,24.180,16303.000
2019-11-12,23.250,23.730,22.810,23.700,13144.000
2019-11-13,23.160,23.550,22.920,23.100,8021.000
2019-11-14,22.620,23.170,22.320,22.910,15599.000
2019-11-15,21.900,22.750,21.880,22.600,12456.000
2019-11-18,21.850,22.100,21.670,21.960,7834.000
2019-11-19,22.230,22.320,21.870,21.880,8977.000
2019-11-20,21.870,22.210,21.780,22.040,9255.000
2019-11-21,22.200,22.400,21.800,21.860,10294.000
2019-11-22,21.600,22.350,21.500,22.300,10617.000
2019-11-25,21.200,21.790,21.070,21.790,9494.000
2019-11-26,21.190,21.450,21.170,21.170,5935.000
2019-11-27,20.830,21.200,20.730,21.020,7197.000
2019-11-28,20.550,21.090,20.500,20.900,6942.600
2019-11-29,20.220,20.650,20.130,20.620,8653.000
2019-12-02,20.190,20.380,20.100,20.230,5895.000
2019-12-03,20.210,20.260,19.740,19.990,10046.000
2019-12-04,20.350,20.430,20.050,20.140,7509.000
2019-12-05,20.540,20.640,20.300,20.430,8534.000
2019-12-06,20.730,20.770,20.480,20.500,8664.000
2019-12-09,20.720,20.940,20.640,20.930,7844.000
2019-12-10,20.800,20.890,20.450,20.630,8485.000
2019-12-11,20.610,20.850,20.500,20.760,7195.000
2019-12-12,20.970,21.250,20.550,20.640,15051.000
2019-12-13,22.390,22.500,20.900,21.100,27548.000
2019-12-16,22.180,22.320,21.790,21.790,28028.000
2019-12-17,22.280,22.380,21.980,22.170,19182.000
2019-12-18,22.390,22.490,22.050,22.200,16431.000
2019-12-19,22.790,23.480,22.260,22.320,24341.000
2019-12-20,22.720,22.980,22.500,22.660,14428.850
2019-12-23,22.000,22.700,21.900,22.530,13236.650
2019-12-24,22.380,22.450,22.010,22.230,10415.000
2019-12-25,22.490,23.020,22.370,22.600,14117.000
2019-12-26,22.650,22.790,22.340,22.420,10533.000
2019-12-27,22.210,22.830,22.160,22.650,12657.000
2019-12-30,23.290,24.430,22.450,22.500,41034.760
2019-12-31,22.840,23.300,22.710,23.300,25341.670
2020-01-02,23.290,23.420,22.700,22.980,30985.630
2020-01-03,23.120,23.310,22.830,23.310,18425.000
2020-01-06,22.770,23.050,22.600,22.810,18709.000
2020-01-07,23.060,23.250,22.760,22.850,15563.000
2020-01-08,22.510,23.100,22.510,23.060,16304.000
2020-01-09,22.820,22.970,22.720,22.810,12894.000
2020-01-10,22.910,23.050,22.700,23.010,11044.000
2020-01-13,23.190,23.200,22.570,22.910,14609.000
2020-01-14,23.150,23.400,23.050,23.300,14516.000
2020-01-15,22.710,23.230,22.620,23.180,11226.000
2020-01-16,23.170,24.500,22.900,22.950,33247.000
2020-01-17,22.680,23.390,22.650,23.000,16098.000
2020-01-20,22.710,22.920,22.460,22.640,10839.000
2020-01-21,22.020,22.890,21.970,22.890,12238.000
2020-01-22,21.620,22.020,21.010,22.020,13895.000
2020-01-23,20.770,21.800,20.530,21.800,14241.000
2020-02-03,18.690,18.690,18.690,18.690,3035.000
2020-02-04,18.110,19.100,16.820,16.820,17330.000
2020-02-05,18.590,18.920,18.130,18.690,13246.000
2020-02-06,20.450,20.450,18.450,18.580,10694.000
2020-02-07,22.500,22.500,20.530,21.950,72826.000
2020-02-10,21.940,23.310,21.690,22.870,58957.000
2020-02-11,21.150,21.800,20.860,21.580,26655.000
2020-02-12,21.290,21.360,20.900,20.900,17014.000
2020-02-13,21.020,21.310,20.850,21.040,16337.000
2020-02-14,20.900,21.270,20.800,20.800,13699.000
2020-02-17,21.870,21.940,21.210,21.210,20912.000
2020-02-18,22.810,23.200,21.600,21.750,42157.000
2020-02-19,21.900,22.510,21.870,22.470,26881.000
2020-02-20,22.300,22.450,21.890,21.900,25847.000
2020-02-21,22.750,22.940,22.030,22.350,34292.000
2020-02-24,23.210,23.290,22.180,22.400,40558.000
2020-02-25,22.380,22.770,21.390,22.770,39068.000
2020-02-26,22.260,23.060,21.660,21.660,27286.000
2020-02-27,23.580,23.990,22.360,22.460,58338.000
2020-02-28,24.160,25.820,22.620,22.950,97520.000
2020-03-02,25.850,26.580,23.990,24.010,93827.000
2020-03-03,25.320,26.000,24.510,25.500,80085.000
2020-03-04,24.400,25.500,23.680,24.900,59655.000
2020-03-05,26.840,26.840,26.240,26.840,66144.000
2020-03-06,29.520,29.520,29.520,29.520,21466.000
2020-03-09,32.470,32.470,31.850,32.470,66454.580
2020-03-10,29.280,32.950,29.220,32.950,177375.500
2020-03-11,26.350,28.480,26.350,28.080,143315.490
2020-03-12,24.990,25.800,24.600,25.060,83255.740
2020-03-13,23.750,24.460,22.900,23.010,68878.030
2020-03-16,22.160,24.500,21.950,24.000,68188.270
2020-03-17,21.800,22.800,20.850,22.420,51683.320
2020-03-18,21.210,22.500,21.030,22.190,44832.800
2020-03-19,21.930,21.960,20.900,21.040,34131.800
2020-03-20,21.750,22.290,21.380,22.140,30221.670
2020-03-23,20.700,21.720,20.560,21.020,28923.800
2020-03-24,21.220,21.400,20.250,21.300,29499.020
2020-03-25,21.660,21.890,21.300,21.550,31245.050
2020-03-26,21.060,21.750,21.000,21.660,23443.690
2020-03-27,21.050,21.650,21.020,21.300,20909.000
